https://news.google.com/rss/articles/CBMiwAFBVV95cUxNOHVlUkxpcDR3RVUzTXVVYUJIT1BpUmxHMnpobUFsaHlsNWFYWHNhak1fczVXWkN4UUI4YXVmNU5MemkxZmxIVHM1ZTVTNGI5c0hFY085WkE1bUFLaFVvQU9TM3FTY2JTckQ4eHY4OXloWktMU1k2STJPV1JkeUx5UWZxRXpDa2NBcFE4Q3lsVVYySkRWZVNSNV96cWE0d2p5UW1kTndrSG9JYWFScUtuQWR6cjVzNUprTXI0NlRzTTE?oc=5,,,Other,Other,,,,,,https://news.google.com/rss/articles/CBMiwAFBVV95cUxNOHVlUkxpcDR3RVUzTXVVYUJIT1BpUmxHMnpobUFsaHlsNWFYWHNhak1fczVXWkN4UUI4YXVmNU5MemkxZmxIVHM1ZTVTNGI5c0hFY085WkE1bUFLaFVvQU9TM3FTY2JTckQ4eHY4OXloWktMU1k2STJPV1JkeUx5UWZxRXpDa2NBcFE4Q3lsVVYySkRWZVNSNV96cWE0d2p5UW1kTndrSG9JYWFScUtuQWR6cjVzNUprTXI0NlRzTTE?oc=5,https://news.google.com/rss/articles/CBMiwAFBVV95cUxNOHVlUkxpcDR3RVUzTXVVYUJIT1BpUmxHMnpobUFsaHlsNWFYWHNhak1fczVXWkN4UUI4YXVmNU5MemkxZmxIVHM1ZTVTNGI5c0hFY085WkE1bUFLaFVvQU9TM3FTY2JTckQ4eHY4OXloWktMU1k2STJPV1JkeUx5UWZxRXpDa2NBcFE4Q3lsVVYySkRWZVNSNV96cWE0d2p5UW1kTndrSG9JYWFScUtuQWR6cjVzNUprTXI0NlRzTTE?oc=5,0,0,0,0,0,scraped
https://news.google.com/rss/articles/CBMisAFBVV95cUxNZm5NVlUzRFNGUEpWS1J6NWdsMnVjQjAzTS1nUzUwaWpmSlJyeloxX3E4d3NSLWNHc1dkejlSZEsxTi1vSjU4Y3JhM0J1ODlqN1FoNlFEc0pRNkcwQUxTM284aVNvZFJ2amkzSzA4QmJ0aTBFdjlTamp5NWFJV0RTdkluQzQ4WGZiMDctZWE1bzRyaXZUelZ6Ukd2Z2c2X2cyTEZEZWNCclFVWEtTNjJWSw?oc=5,,,Other,Other,,,,,,https://news.google.com/rss/articles/CBMisAFBVV95cUxNZm5NVlUzRFNGUEpWS1J6NWdsMnVjQjAzTS1nUzUwaWpmSlJyeloxX3E4d3NSLWNHc1dkejlSZEsxTi1vSjU4Y3JhM0J1ODlqN1FoNlFEc0pRNkcwQUxTM284aVNvZFJ2amkzSzA4QmJ0aTBFdjlTamp5NWFJV0RTdkluQzQ4WGZiMDctZWE1bzRyaXZUelZ6Ukd2Z2c2X2cyTEZEZWNCclFVWEtTNjJWSw?oc=5,https://news.google.com/rss/articles/CBMisAFBVV95cUxNZm5NVlUzRFNGUEpWS1J6NWdsMnVjQjAzTS1nUzUwaWpmSlJyeloxX3E4d3NSLWNHc1dkejlSZEsxTi1vSjU4Y3JhM0J1ODlqN1FoNlFEc0pRNkcwQUxTM284aVNvZFJ2amkzSzA4QmJ0aTBFdjlTamp5NWFJV0RTdkluQzQ4WGZiMDctZWE1bzRyaXZUelZ6Ukd2Z2c2X2cyTEZEZWNCclFVWEtTNjJWSw?oc=5,0,0,0,0,0,scraped
https://news.google.com/rss/articles/CBMipgFBVV95cUxNbWhlVmlqNUVoSjhvd3FiNWY5dUR3NWVRcDhJTy0yTHBJaF95dWNRQ1JFSDNlcFZUUXBvTVFNdTVhTGIyc0pFeTZfVU1JcE9JTTQ1UjhvdHZUX05jdnFmcVlXWWU2NUZlR3E0d0c4emRFWTJPT3hqd3NWelh2c3VscllMb01uNFIybDQ1QjFqa1Q1SEMtNG80MjJTRXAyWjZiNm5jRm130gGmAUFVX3lxTE12bDhGcGZnam9oXzktcjlHSXR0Qi1TbFVPNzNGTWdzeFJQWDFCckd4N0tUWWVCWUNfSWlDa0gxYjJGZVdBUHJxZldTeTc3QTJTeGRXMXpzb1dYVFdQN0ZRYTlRdXVTeFdaM1UwbzV2Z2gtbTNnMUg1alZuQXV3SzRlMVhNWlFlcHdCUU1wNVdIbVF3WlFDX3A1cnJLWVF0cDltVlJvemc?oc=5,,,Other,Other,,,,,,https://news.google.com/rss/articles/CBMipgFBVV95cUxNbWhlVmlqNUVoSjhvd3FiNWY5dUR3NWVRcDhJTy0yTHBJaF95dWNRQ1JFSDNlcFZUUXBvTVFNdTVhTGIyc0pFeTZfVU1JcE9JTTQ1UjhvdHZUX05jdnFmcVlXWWU2NUZlR3E0d0c4emRFWTJPT3hqd3NWelh2c3VscllMb01uNFIybDQ1QjFqa1Q1SEMtNG80MjJTRXAyWjZiNm5jRm130gGmAUFVX3lxTE12bDhGcGZnam9oXzktcjlHSXR0Qi1TbFVPNzNGTWdzeFJQWDFCckd4N0tUWWVCWUNfSWlDa0gxYjJGZVdBUHJxZldTeTc3QTJTeGRXMXpzb1dYVFdQN0ZRYTlRdXVTeFdaM1UwbzV2Z2gtbTNnMUg1alZuQXV3SzRlMVhNWlFlcHdCUU1wNVdIbVF3WlFDX3A1cnJLWVF0cDltVlJvemc?oc=5,https://news.google.com/rss/articles/CBMipgFBVV95cUxNbWhlVmlqNUVoSjhvd3FiNWY5dUR3NWVRcDhJTy0yTHBJaF95dWNRQ1JFSDNlcFZUUXBvTVFNdTVhTGIyc0pFeTZfVU1JcE9JTTQ1UjhvdHZUX05jdnFmcVlXWWU2NUZlR3E0d0c4emRFWTJPT3hqd3NWelh2c3VscllMb01uNFIybDQ1QjFqa1Q1SEMtNG80MjJTRXAyWjZiNm5jRm130gGmAUFVX3lxTE12bDhGcGZnam9oXzktcjlHSXR0Qi1TbFVPNzNGTWdzeFJQWDFCckd4N0tUWWVCWUNfSWlDa0gxYjJGZVdBUHJxZldTeTc3QTJTeGRXMXpzb1dYVFdQN0ZRYTlRdXVTeFdaM1UwbzV2Z2gtbTNnMUg1alZuQXV3SzRlMVhNWlFlcHdCUU1wNVdIbVF3WlFDX3A1cnJLWVF0cDltVlJvemc?oc=5,0,0,0,0,0,scraped
https://news.google.com/rss/articles/CBMimAFBVV95cUxPTUw2TURQZ19OX1NkeXVkNHJqYmc0YkhBY1pmY3JZa2Q5QVVBX1ctc1hEMHVvNG1DeXlUTWhFZnlOMG5RWjBMalFWeVNYb0ZKb292YWZjS2Z1Qy1HVzQ1ZXAzWlZmVjctWnN1VzZJQUpVSUFYTzBZS2t3ZUQ0ckUyLXZhWVFZSXlndVRQU2VjMUNpMGlfUlFnTw?oc=5,,,Other,Other,,,,,,https://news.google.com/rss/articles/CBMimAFBVV95cUxPTUw2TURQZ19OX1NkeXVkNHJqYmc0YkhBY1pmY3JZa2Q5QVVBX1ctc1hEMHVvNG1DeXlUTWhFZnlOMG5RWjBMalFWeVNYb0ZKb292YWZjS2Z1Qy1HVzQ1ZXAzWlZmVjctWnN1VzZJQUpVSUFYTzBZS2t3ZUQ0ckUyLXZhWVFZSXlndVRQU2VjMUNpMGlfUlFnTw?oc=5,https://news.google.com/rss/articles/CBMimAFBVV95cUxPTUw2TURQZ19OX1NkeXVkNHJqYmc0YkhBY1pmY3JZa2Q5QVVBX1ctc1hEMHVvNG1DeXlUTWhFZnlOMG5RWjBMalFWeVNYb0ZKb292YWZjS2Z1Qy1HVzQ1ZXAzWlZmVjctWnN1VzZJQUpVSUFYTzBZS2t3ZUQ0ckUyLXZhWVFZSXlndVRQU2VjMUNpMGlfUlFnTw?oc=5,0,0,0,0,0,scraped
https://news.google.com/rss/articles/CBMihAFBVV95cUxObWpMYVYxSzFsVVZWa2htcFBBOWd0TmxmaGd5dE5TLUpGS2hwQ2tlWGcyU3R6WUdyQW1INS0yUzdkQ0JfYWlmTWx6WWlKcG1pTnV5Y0lKZHZ1enBpWER1ZlRXQkxEV0lxWmRncFpPY1ZZbW5lMFBDTkJTNnM0MTNDZG1Vakk?oc=5,,,Other,Other,,,,,,https://news.google.com/rss/articles/CBMihAFBVV95cUxObWpMYVYxSzFsVVZWa2htcFBBOWd0TmxmaGd5dE5TLUpGS2hwQ2tlWGcyU3R6WUdyQW1INS0yUzdkQ0JfYWlmTWx6WWlKcG1pTnV5Y0lKZHZ1enBpWER1ZlRXQkxEV0lxWmRncFpPY1ZZbW5lMFBDTkJTNnM0MTNDZG1Vakk?oc=5,https://news.google.com/rss/articles/CBMihAFBVV95cUxObWpMYVYxSzFsVVZWa2htcFBBOWd0TmxmaGd5dE5TLUpGS2hwQ2tlWGcyU3R6WUdyQW1INS0yUzdkQ0JfYWlmTWx6WWlKcG1pTnV5Y0lKZHZ1enBpWER1ZlRXQkxEV0lxWmRncFpPY1ZZbW5lMFBDTkJTNnM0MTNDZG1Vakk?oc=5,0,0,0,0,0,scraped
https://news.google.com/rss/articles/CBMi7AFBVV95cUxPbk9sTlNTTkxpTTBpVFFzRnRpWXVTajRtemkwYjJ0S0Ffb1VtODVwUHhqSlliek5SYkwweHVVVXRhdUU2ZHd4ZnYxUEpUSVFjQ2R0aUtuaDVVU0VJZW0yNTVTeTRGa1QwSzZHZ2FtbUQtUFB2X3k2UF9RUEZIR1hRR3ZOUDR3LWVId3BCbW9EbHQ3UEZTRlp6WUhlOFFYQWlKNm91MzFsRkFWdkZlbG9fd0kySVBCTC1iRGN2S05jUnEwVXYySnZzdi1xUEFTdXNZMno2SmFUbFBwMnZHUDNNU2xmWmlaX2hvcUtIbQ?oc=5,,,Other,Other,,,,,,https://news.google.com/rss/articles/CBMi7AFBVV95cUxPbk9sTlNTTkxpTTBpVFFzRnRpWXVTajRtemkwYjJ0S0Ffb1VtODVwUHhqSlliek5SYkwweHVVVXRhdUU2ZHd4ZnYxUEpUSVFjQ2R0aUtuaDVVU0VJZW0yNTVTeTRGa1QwSzZHZ2FtbUQtUFB2X3k2UF9RUEZIR1hRR3ZOUDR3LWVId3BCbW9EbHQ3UEZTRlp6WUhlOFFYQWlKNm91MzFsRkFWdkZlbG9fd0kySVBCTC1iRGN2S05jUnEwVXYySnZzdi1xUEFTdXNZMno2SmFUbFBwMnZHUDNNU2xmWmlaX2hvcUtIbQ?oc=5,https://news.google.com/rss/articles/CBMi7AFBVV95cUxPbk9sTlNTTkxpTTBpVFFzRnRpWXVTajRtemkwYjJ0S0Ffb1VtODVwUHhqSlliek5SYkwweHVVVXRhdUU2ZHd4ZnYxUEpUSVFjQ2R0aUtuaDVVU0VJZW0yNTVTeTRGa1QwSzZHZ2FtbUQtUFB2X3k2UF9RUEZIR1hRR3ZOUDR3LWVId3BCbW9EbHQ3UEZTRlp6WUhlOFFYQWlKNm91MzFsRkFWdkZlbG9fd0kySVBCTC1iRGN2S05jUnEwVXYySnZzdi1xUEFTdXNZMno2SmFUbFBwMnZHUDNNU2xmWmlaX2hvcUtIbQ?oc=5,0,0,0,0,0,scraped
https://news.google.com/rss/articles/CBMiV0FVX3lxTE9FT2FIZUU1eVdvUk45OGRTWV9fc3ZQS1dyU2szYmt4ekp3aHlMNTRTczJtN3VqNlR3dEJ6c2RqMVpLVnpsUDBCQ3dxWTF1OU9LQi1wMXl0TQ?oc=5,,,Other,Other,,,,,,https://news.google.com/rss/articles/CBMiV0FVX3lxTE9FT2FIZUU1eVdvUk45OGRTWV9fc3ZQS1dyU2szYmt4ekp3aHlMNTRTczJtN3VqNlR3dEJ6c2RqMVpLVnpsUDBCQ3dxWTF1OU9LQi1wMXl0TQ?oc=5,https://news.google.com/rss/articles/CBMiV0FVX3lxTE9FT2FIZUU1eVdvUk45OGRTWV9fc3ZQS1dyU2szYmt4ekp3aHlMNTRTczJtN3VqNlR3dEJ6c2RqMVpLVnpsUDBCQ3dxWTF1OU9LQi1wMXl0TQ?oc=5,0,0,0,0,0,scraped
https://news.google.com/rss/articles/CBMitAFBVV95cUxPOVZOcUJ0d081OVRVam9EbDlTX3FGQlBwbVhsZUNqeWxES2VIb2w0LUhBSHl6T2QtVnZ6bHNoUEJ4QXBsSWxLQVZrSVpxaU9EVVpOQVFpaDRhRndXSnRwQXpMNGt2RG5KaUxoT2xleTUzVGc1UEdZaWlmcHFUTjBGZi1FWUp5SDREYjVpTExDRWxOSlpkbkhaQUtaZ3NCVHFYaXY2MGRLS3ZiM0ZVVlZZSzVSMGzSAboBQVVfeXFMUGdoOVF1bWYwRmhXYVRKNm9oOHQ4SHlTWW9FcUFWMjAwdGRiRjJDNGNzNS1VZDdZRG9lSEZlVXU3MVRlX0luNThRLW9sNGxxSlc1dTBIZTYtNGFJWlZtLS1ERHAxdWJzSVVPeWR0Rm9JSjU3TllWNy1WbGxrZFc4QVIzcHFnQ0NZVHhLU0NZV2NfYnVfWDdiWjdrM1NtNmRmUUkxM3VxdVJsZ2pvclRCYTNZZTEteVZoU29B?oc=5,,,Other,Other,,,,,,https://news.google.com/rss/articles/CBMitAFBVV95cUxPOVZOcUJ0d081OVRVam9EbDlTX3FGQlBwbVhsZUNqeWxES2VIb2w0LUhBSHl6T2QtVnZ6bHNoUEJ4QXBsSWxLQVZrSVpxaU9EVVpOQVFpaDRhRndXSnRwQXpMNGt2RG5KaUxoT2xleTUzVGc1UEdZaWlmcHFUTjBGZi1FWUp5SDREYjVpTExDRWxOSlpkbkhaQUtaZ3NCVHFYaXY2MGRLS3ZiM0ZVVlZZSzVSMGzSAboBQVVfeXFMUGdoOVF1bWYwRmhXYVRKNm9oOHQ4SHlTWW9FcUFWMjAwdGRiRjJDNGNzNS1VZDdZRG9lSEZlVXU3MVRlX0luNThRLW9sNGxxSlc1dTBIZTYtNGFJWlZtLS1ERHAxdWJzSVVPeWR0Rm9JSjU3TllWNy1WbGxrZFc4QVIzcHFnQ0NZVHhLU0NZV2NfYnVfWDdiWjdrM1NtNmRmUUkxM3VxdVJsZ2pvclRCYTNZZTEteVZoU29B?oc=5,https://news.google.com/rss/articles/CBMitAFBVV95cUxPOVZOcUJ0d081OVRVam9EbDlTX3FGQlBwbVhsZUNqeWxES2VIb2w0LUhBSHl6T2QtVnZ6bHNoUEJ4QXBsSWxLQVZrSVpxaU9EVVpOQVFpaDRhRndXSnRwQXpMNGt2RG5KaUxoT2xleTUzVGc1UEdZaWlmcHFUTjBGZi1FWUp5SDREYjVpTExDRWxOSlpkbkhaQUtaZ3NCVHFYaXY2MGRLS3ZiM0ZVVlZZSzVSMGzSAboBQVVfeXFMUGdoOVF1bWYwRmhXYVRKNm9oOHQ4SHlTWW9FcUFWMjAwdGRiRjJDNGNzNS1VZDdZRG9lSEZlVXU3MVRlX0luNThRLW9sNGxxSlc1dTBIZTYtNGFJWlZtLS1ERHAxdWJzSVVPeWR0Rm9JSjU3TllWNy1WbGxrZFc4QVIzcHFnQ0NZVHhLU0NZV2NfYnVfWDdiWjdrM1NtNmRmUUkxM3VxdVJsZ2pvclRCYTNZZTEteVZoU29B?oc=5,0,0,0,0,0,scraped
https://news.google.com/rss/articles/CBMitgFBVV95cUxObEFXd0x0TFNWbGpyTHhZbHRsY2d3bXRaVzRtZXpxVmJoeTVVbEhTbGNSRHBoZGhyd0ktc1dkZW51MUpuTEFzRjhUMlBTMkV4TnBRbmR1d182VWdETjdMamJLNGJFMXo4ODctb1BmYW80TjhPd19YOGVfWFczSmw5NzBkN1ZlMjBCbHQ1LURsS2xTQmdvZzV2WXJuWGNCSTRqM1Y2X2FLaHN3MW1YNkZlZklDMkRqZ9IBtgFBVV95cUxQdmxEQ1pBaF9IazZNUDFMRjYwdTIwSmJCQkMtOUU0UkRRM0RuajIxeHhwa2lWMlk4SlBtVmN0dWtKeXM5OGoycE5LYVVjcGF6b2F3dGVmU3dVSE4zVFF5Y1VjSGNCUUV1cy1EMUlhcnJOeVMzcTFmWWpFdW5uTHEwckJYb2c3em1HdlhXaU8xWDdTakZWdjVXSEZiUWJfSXhhbVpUME14eDJNN3JwcW1lLUw3RW1nUQ?oc=5,,,Other,Other,,,,,,https://news.google.com/rss/articles/CBMitgFBVV95cUxObEFXd0x0TFNWbGpyTHhZbHRsY2d3bXRaVzRtZXpxVmJoeTVVbEhTbGNSRHBoZGhyd0ktc1dkZW51MUpuTEFzRjhUMlBTMkV4TnBRbmR1d182VWdETjdMamJLNGJFMXo4ODctb1BmYW80TjhPd19YOGVfWFczSmw5NzBkN1ZlMjBCbHQ1LURsS2xTQmdvZzV2WXJuWGNCSTRqM1Y2X2FLaHN3MW1YNkZlZklDMkRqZ9IBtgFBVV95cUxQdmxEQ1pBaF9IazZNUDFMRjYwdTIwSmJCQkMtOUU0UkRRM0RuajIxeHhwa2lWMlk4SlBtVmN0dWtKeXM5OGoycE5LYVVjcGF6b2F3dGVmU3dVSE4zVFF5Y1VjSGNCUUV1cy1EMUlhcnJOeVMzcTFmWWpFdW5uTHEwckJYb2c3em1HdlhXaU8xWDdTakZWdjVXSEZiUWJfSXhhbVpUME14eDJNN3JwcW1lLUw3RW1nUQ?oc=5,https://news.google.com/rss/articles/CBMitgFBVV95cUxObEFXd0x0TFNWbGpyTHhZbHRsY2d3bXRaVzRtZXpxVmJoeTVVbEhTbGNSRHBoZGhyd0ktc1dkZW51MUpuTEFzRjhUMlBTMkV4TnBRbmR1d182VWdETjdMamJLNGJFMXo4ODctb1BmYW80TjhPd19YOGVfWFczSmw5NzBkN1ZlMjBCbHQ1LURsS2xTQmdvZzV2WXJuWGNCSTRqM1Y2X2FLaHN3MW1YNkZlZklDMkRqZ9IBtgFBVV95cUxQdmxEQ1pBaF9IazZNUDFMRjYwdTIwSmJCQkMtOUU0UkRRM0RuajIxeHhwa2lWMlk4SlBtVmN0dWtKeXM5OGoycE5LYVVjcGF6b2F3dGVmU3dVSE4zVFF5Y1VjSGNCUUV1cy1EMUlhcnJOeVMzcTFmWWpFdW5uTHEwckJYb2c3em1HdlhXaU8xWDdTakZWdjVXSEZiUWJfSXhhbVpUME14eDJNN3JwcW1lLUw3RW1nUQ?oc=5,0,0,0,0,0,scraped
https://news.google.com/rss/articles/CBMikgFBVV95cUxNSl93UmY1RXFrN3p4OF84RV9wcHcwbXhOS21CU0dORHQ2dDVIRHhvSUd6bV9SRmFIVXV4WEVPcmYyUENEMU5BR3ZtZWtEbXR6MDlUVk94Ym9IVHJzQ3NaRmF6RjRocFF2UW9XYjYtZzFyVEtlTzNPNHJsU3YtRGhaMjZZbjlpX1BoYmQwclJSM29sdw?oc=5,,,Other,Other,,,,,,https://news.google.com/rss/articles/CBMikgFBVV95cUxNSl93UmY1RXFrN3p4OF84RV9wcHcwbXhOS21CU0dORHQ2dDVIRHhvSUd6bV9SRmFIVXV4WEVPcmYyUENEMU5BR3ZtZWtEbXR6MDlUVk94Ym9IVHJzQ3NaRmF6RjRocFF2UW9XYjYtZzFyVEtlTzNPNHJsU3YtRGhaMjZZbjlpX1BoYmQwclJSM29sdw?oc=5,https://news.google.com/rss/articles/CBMikgFBVV95cUxNSl93UmY1RXFrN3p4OF84RV9wcHcwbXhOS21CU0dORHQ2dDVIRHhvSUd6bV9SRmFIVXV4WEVPcmYyUENEMU5BR3ZtZWtEbXR6MDlUVk94Ym9IVHJzQ3NaRmF6RjRocFF2UW9XYjYtZzFyVEtlTzNPNHJsU3YtRGhaMjZZbjlpX1BoYmQwclJSM29sdw?oc=5,0,0,0,0,0,scraped
https://news.google.com/rss/articles/CBMivwFBVV95cUxNRkxKR2hBdG1IMGJxdW8tU1Y4bWFyZlZvTC1QUVpUelhjRnltS2MxTFJCUE90ckFkdjJOekZpN1Y0N3ZJdnc2OERPWjdZRTkzd05GeHdOaHcyTDNwRXlMMDdkTVRWdmZZMlBlWHppalc1ZmRSb2stc2ZaaXREa2RCdHlwQzdJZ1ZyUnhzRDVlZWlsYTEyMU02TUNkd1hmLXpkbC1Cb0JVMFlscEtLTlY5cXV5NGFCUWV5dmV5dzdWOA?oc=5,,,Other,Other,,,,,,https://news.google.com/rss/articles/CBMivwFBVV95cUxNRkxKR2hBdG1IMGJxdW8tU1Y4bWFyZlZvTC1QUVpUelhjRnltS2MxTFJCUE90ckFkdjJOekZpN1Y0N3ZJdnc2OERPWjdZRTkzd05GeHdOaHcyTDNwRXlMMDdkTVRWdmZZMlBlWHppalc1ZmRSb2stc2ZaaXREa2RCdHlwQzdJZ1ZyUnhzRDVlZWlsYTEyMU02TUNkd1hmLXpkbC1Cb0JVMFlscEtLTlY5cXV5NGFCUWV5dmV5dzdWOA?oc=5,https://news.google.com/rss/articles/CBMivwFBVV95cUxNRkxKR2hBdG1IMGJxdW8tU1Y4bWFyZlZvTC1QUVpUelhjRnltS2MxTFJCUE90ckFkdjJOekZpN1Y0N3ZJdnc2OERPWjdZRTkzd05GeHdOaHcyTDNwRXlMMDdkTVRWdmZZMlBlWHppalc1ZmRSb2stc2ZaaXREa2RCdHlwQzdJZ1ZyUnhzRDVlZWlsYTEyMU02TUNkd1hmLXpkbC1Cb0JVMFlscEtLTlY5cXV5NGFCUWV5dmV5dzdWOA?oc=5,0,0,0,0,0,scraped
https://news.google.com/rss/articles/CBMiV0FVX3lxTE9vc3ZkUDhXREhlSnE2V2NXVXZ5ZWdVMDN0dGM2TVpNbzFJMm5XWkF5dHZ1QkZIN05CQ245TjcwRUV0NUlZbnB5ZnJKZ2I3RDMtcjY1WU9Cdw?oc=5,,,Other,Other,,,,,,https://news.google.com/rss/articles/CBMiV0FVX3lxTE9vc3ZkUDhXREhlSnE2V2NXVXZ5ZWdVMDN0dGM2TVpNbzFJMm5XWkF5dHZ1QkZIN05CQ245TjcwRUV0NUlZbnB5ZnJKZ2I3RDMtcjY1WU9Cdw?oc=5,https://news.google.com/rss/articles/CBMiV0FVX3lxTE9vc3ZkUDhXREhlSnE2V2NXVXZ5ZWdVMDN0dGM2TVpNbzFJMm5XWkF5dHZ1QkZIN05CQ245TjcwRUV0NUlZbnB5ZnJKZ2I3RDMtcjY1WU9Cdw?oc=5,0,0,0,0,0,scraped
https://news.google.com/rss/articles/CBMiogFBVV95cUxQd21vY0ZyU0doNjkwcHppTHVjNmY2eV9Lb29udThCd2hFYVp6eDllUGpoLTVoSVVXVDE0SlhzMS0wbVJTM2ZWQ1l5UDNRS0oxZC14N0ZJNV9pc3cwSTkzanBySzA4VGNSUzlONDlkLTJHUkl2ZURxZmpDMjV1a2tjQ19JNDdZV1N0TnUtTGZhV21HX3NwOWhSVkt4Sy1yc0hlSWfSAaIBQVVfeXFMTTFYckhOeDZoSVAzSVF2VXdZS25xc1lIVExGenV5TGMxcDBuN3g2UVktUk1LeUpUSkN3aHdVbzNZUl9nWHFROG5ZaWRRc0Nxc0duQmFZbkwtSm9PY0RqVjdnWmZWZ2ExbGR3emp3SmhmRU9HU2lxd1BxakZaNXQ1TVp0aTItZnlfZ1ZKcU5sSlpqZ2hGYUlvSHBULWNteVRVeXB3?oc=5,,,Other,Other,,,,,,https://news.google.com/rss/articles/CBMiogFBVV95cUxQd21vY0ZyU0doNjkwcHppTHVjNmY2eV9Lb29udThCd2hFYVp6eDllUGpoLTVoSVVXVDE0SlhzMS0wbVJTM2ZWQ1l5UDNRS0oxZC14N0ZJNV9pc3cwSTkzanBySzA4VGNSUzlONDlkLTJHUkl2ZURxZmpDMjV1a2tjQ19JNDdZV1N0TnUtTGZhV21HX3NwOWhSVkt4Sy1yc0hlSWfSAaIBQVVfeXFMTTFYckhOeDZoSVAzSVF2VXdZS25xc1lIVExGenV5TGMxcDBuN3g2UVktUk1LeUpUSkN3aHdVbzNZUl9nWHFROG5ZaWRRc0Nxc0duQmFZbkwtSm9PY0RqVjdnWmZWZ2ExbGR3emp3SmhmRU9HU2lxd1BxakZaNXQ1TVp0aTItZnlfZ1ZKcU5sSlpqZ2hGYUlvSHBULWNteVRVeXB3?oc=5,https://news.google.com/rss/articles/CBMiogFBVV95cUxQd21vY0ZyU0doNjkwcHppTHVjNmY2eV9Lb29udThCd2hFYVp6eDllUGpoLTVoSVVXVDE0SlhzMS0wbVJTM2ZWQ1l5UDNRS0oxZC14N0ZJNV9pc3cwSTkzanBySzA4VGNSUzlONDlkLTJHUkl2ZURxZmpDMjV1a2tjQ19JNDdZV1N0TnUtTGZhV21HX3NwOWhSVkt4Sy1yc0hlSWfSAaIBQVVfeXFMTTFYckhOeDZoSVAzSVF2VXdZS25xc1lIVExGenV5TGMxcDBuN3g2UVktUk1LeUpUSkN3aHdVbzNZUl9nWHFROG5ZaWRRc0Nxc0duQmFZbkwtSm9PY0RqVjdnWmZWZ2ExbGR3emp3SmhmRU9HU2lxd1BxakZaNXQ1TVp0aTItZnlfZ1ZKcU5sSlpqZ2hGYUlvSHBULWNteVRVeXB3?oc=5,0,0,0,0,0,scraped
https://news.google.com/rss/articles/CBMiugFBVV95cUxPN0dHRnlIT3ZuVG9FT2xhdVJTTWtLLW1vRWI0UkROTHVuTzhVdkVBVzU1WW9yU1prbTAwckVMNG9BWTB5Zk4tcjBMVWxESElfMzAzamR3Z09SR09iSG9hcTU2X0FrWVB3bDB1ZGpmR2pDMmF6Tkg4RGNVU2V5cWdmRE1kU1RnRzUtTUtYTWZtTU44ZVpDY0hjc29lSFJoZ05WaXQ4cVNCZEZkZ1VWYUdKd1U2LVBCTmsySHc?oc=5,,,Other,Other,,,,,,https://news.google.com/rss/articles/CBMiugFBVV95cUxPN0dHRnlIT3ZuVG9FT2xhdVJTTWtLLW1vRWI0UkROTHVuTzhVdkVBVzU1WW9yU1prbTAwckVMNG9BWTB5Zk4tcjBMVWxESElfMzAzamR3Z09SR09iSG9hcTU2X0FrWVB3bDB1ZGpmR2pDMmF6Tkg4RGNVU2V5cWdmRE1kU1RnRzUtTUtYTWZtTU44ZVpDY0hjc29lSFJoZ05WaXQ4cVNCZEZkZ1VWYUdKd1U2LVBCTmsySHc?oc=5,https://news.google.com/rss/articles/CBMiugFBVV95cUxPN0dHRnlIT3ZuVG9FT2xhdVJTTWtLLW1vRWI0UkROTHVuTzhVdkVBVzU1WW9yU1prbTAwckVMNG9BWTB5Zk4tcjBMVWxESElfMzAzamR3Z09SR09iSG9hcTU2X0FrWVB3bDB1ZGpmR2pDMmF6Tkg4RGNVU2V5cWdmRE1kU1RnRzUtTUtYTWZtTU44ZVpDY0hjc29lSFJoZ05WaXQ4cVNCZEZkZ1VWYUdKd1U2LVBCTmsySHc?oc=5,0,0,0,0,0,scraped
https://news.google.com/rss/articles/CBMiuwFBVV95cUxQSGZhUnQ4SE5kTGxobzFZSkpQMWtmZ2VXX0tqcS1vbWFacGlva01wOER1ZGpLTVd5MG1GbHo2UW5vVjJNRy1aWXZKSlpVZG9LTTZsNGNLZEpna1c0QVIwdjFVakplZVdyU09fYVRfVDZUUnJoVk0ycXQ5bVFTQ1VpSHNMV3Y0bWQzVDI0QUkzSzBpcHVOMFNRdkJtWHY2QldtWG1EZnA3Vkg4MXVtNWNaa1ZYcFhvb2ZWdEVB?oc=5,,,Other,Other,,,,,,https://news.google.com/rss/articles/CBMiuwFBVV95cUxQSGZhUnQ4SE5kTGxobzFZSkpQMWtmZ2VXX0tqcS1vbWFacGlva01wOER1ZGpLTVd5MG1GbHo2UW5vVjJNRy1aWXZKSlpVZG9LTTZsNGNLZEpna1c0QVIwdjFVakplZVdyU09fYVRfVDZUUnJoVk0ycXQ5bVFTQ1VpSHNMV3Y0bWQzVDI0QUkzSzBpcHVOMFNRdkJtWHY2QldtWG1EZnA3Vkg4MXVtNWNaa1ZYcFhvb2ZWdEVB?oc=5,https://news.google.com/rss/articles/CBMiuwFBVV95cUxQSGZhUnQ4SE5kTGxobzFZSkpQMWtmZ2VXX0tqcS1vbWFacGlva01wOER1ZGpLTVd5MG1GbHo2UW5vVjJNRy1aWXZKSlpVZG9LTTZsNGNLZEpna1c0QVIwdjFVakplZVdyU09fYVRfVDZUUnJoVk0ycXQ5bVFTQ1VpSHNMV3Y0bWQzVDI0QUkzSzBpcHVOMFNRdkJtWHY2QldtWG1EZnA3Vkg4MXVtNWNaa1ZYcFhvb2ZWdEVB?oc=5,0,0,0,0,0,scraped
https://news.google.com/rss/articles/CBMipgFBVV95cUxOQmduWEN1eUllZEsyc1VUbzNJSjQ0T1dnM3ZHblJXbXJsU1BRRkczY3IzMW0xZ2t2b1ktbGt5d2pna3RFTUJwcXoxSGRkMzdaZTFxUHhKdjNtRkRRaE5PQUlzcks5amo4b2FXdnRxQjVJUkhxTDZqcTBKQVA5YUdqemc5WFRhcnloMkJydUlIT1d2amJTRFFBZTVVSnZDdnRyZjlGQy1n0gGmAUFVX3lxTFBydFdXN2dPZWdnRGpUejZsdkJGYTZTdjZ0RXpwS21hQlkzTjNjSF85SFBlS1hvNkpxYndDeDVPSzZUbnlncmVxTU1BNnI1U1Y4NnU2OUZxMW16d3lvUGJCSXVLUUNRbmZGTWdZT0xGd282T3RfV3AyaWVnaFFDQW5NcklLby1iN1EyeG1qTkhscHlQbTdJOHZCNUlodUh6ajV0Z1V4OVE?oc=5,,,Other,Other,,,,,,https://news.google.com/rss/articles/CBMipgFBVV95cUxOQmduWEN1eUllZEsyc1VUbzNJSjQ0T1dnM3ZHblJXbXJsU1BRRkczY3IzMW0xZ2t2b1ktbGt5d2pna3RFTUJwcXoxSGRkMzdaZTFxUHhKdjNtRkRRaE5PQUlzcks5amo4b2FXdnRxQjVJUkhxTDZqcTBKQVA5YUdqemc5WFRhcnloMkJydUlIT1d2amJTRFFBZTVVSnZDdnRyZjlGQy1n0gGmAUFVX3lxTFBydFdXN2dPZWdnRGpUejZsdkJGYTZTdjZ0RXpwS21hQlkzTjNjSF85SFBlS1hvNkpxYndDeDVPSzZUbnlncmVxTU1BNnI1U1Y4NnU2OUZxMW16d3lvUGJCSXVLUUNRbmZGTWdZT0xGd282T3RfV3AyaWVnaFFDQW5NcklLby1iN1EyeG1qTkhscHlQbTdJOHZCNUlodUh6ajV0Z1V4OVE?oc=5,https://news.google.com/rss/articles/CBMipgFBVV95cUxOQmduWEN1eUllZEsyc1VUbzNJSjQ0T1dnM3ZHblJXbXJsU1BRRkczY3IzMW0xZ2t2b1ktbGt5d2pna3RFTUJwcXoxSGRkMzdaZTFxUHhKdjNtRkRRaE5PQUlzcks5amo4b2FXdnRxQjVJUkhxTDZqcTBKQVA5YUdqemc5WFRhcnloMkJydUlIT1d2amJTRFFBZTVVSnZDdnRyZjlGQy1n0gGmAUFVX3lxTFBydFdXN2dPZWdnRGpUejZsdkJGYTZTdjZ0RXpwS21hQlkzTjNjSF85SFBlS1hvNkpxYndDeDVPSzZUbnlncmVxTU1BNnI1U1Y4NnU2OUZxMW16d3lvUGJCSXVLUUNRbmZGTWdZT0xGd282T3RfV3AyaWVnaFFDQW5NcklLby1iN1EyeG1qTkhscHlQbTdJOHZCNUlodUh6ajV0Z1V4OVE?oc=5,0,0,0,0,0,scraped
https://news.google.com/rss/articles/CBMioAFBVV95cUxOR3dsc19lUnZvUXRNTGFQWGNJRGVGWVp5cXFzQTU2R1pnNVh3ZHl0MzBHcGhobEJUMXBlRG5VbHRSdGN2bEk3SEhmbVV1MFhDMnQxTk1zTVZSZERFYVJ4c3Rub1pUdjcxZ3dSck54Q2ZaNk9aX3M2R25zcDBMNTNzT1ZGaU4zeUZva283eTgtdWdnSEY3R1RXNVVDRTk3NURq0gGgAUFVX3lxTE9aRkVLVmJjN3FpblFPWmFKYk1HOEtxTUZYUkZubktlRC1yemxUc3NmS2dSd081TkVzeFVBMlNlX2k4UV9EWnAyQlFYcTdEaEdfeHF0NEtMSTBlS2J0NXFxODlSWEZHc0tFdXVZVmRsdzFzUEVWSzV1MS1seDJJX1A5cC1sWkpUX2JoOHNVa0tBbDlKdmlQMHJPZ0tsNEtkMUE?oc=5,,,Other,Other,,,,,,https://news.google.com/rss/articles/CBMioAFBVV95cUxOR3dsc19lUnZvUXRNTGFQWGNJRGVGWVp5cXFzQTU2R1pnNVh3ZHl0MzBHcGhobEJUMXBlRG5VbHRSdGN2bEk3SEhmbVV1MFhDMnQxTk1zTVZSZERFYVJ4c3Rub1pUdjcxZ3dSck54Q2ZaNk9aX3M2R25zcDBMNTNzT1ZGaU4zeUZva283eTgtdWdnSEY3R1RXNVVDRTk3NURq0gGgAUFVX3lxTE9aRkVLVmJjN3FpblFPWmFKYk1HOEtxTUZYUkZubktlRC1yemxUc3NmS2dSd081TkVzeFVBMlNlX2k4UV9EWnAyQlFYcTdEaEdfeHF0NEtMSTBlS2J0NXFxODlSWEZHc0tFdXVZVmRsdzFzUEVWSzV1MS1seDJJX1A5cC1sWkpUX2JoOHNVa0tBbDlKdmlQMHJPZ0tsNEtkMUE?oc=5,https://news.google.com/rss/articles/CBMioAFBVV95cUxOR3dsc19lUnZvUXRNTGFQWGNJRGVGWVp5cXFzQTU2R1pnNVh3ZHl0MzBHcGhobEJUMXBlRG5VbHRSdGN2bEk3SEhmbVV1MFhDMnQxTk1zTVZSZERFYVJ4c3Rub1pUdjcxZ3dSck54Q2ZaNk9aX3M2R25zcDBMNTNzT1ZGaU4zeUZva283eTgtdWdnSEY3R1RXNVVDRTk3NURq0gGgAUFVX3lxTE9aRkVLVmJjN3FpblFPWmFKYk1HOEtxTUZYUkZubktlRC1yemxUc3NmS2dSd081TkVzeFVBMlNlX2k4UV9EWnAyQlFYcTdEaEdfeHF0NEtMSTBlS2J0NXFxODlSWEZHc0tFdXVZVmRsdzFzUEVWSzV1MS1seDJJX1A5cC1sWkpUX2JoOHNVa0tBbDlKdmlQMHJPZ0tsNEtkMUE?oc=5,0,0,0,0,0,scraped
https://news.google.com/rss/articles/CBMiekFVX3lxTE5BR0VYc2xlb0VXLTJEYTJWS0Vmcy1aS3Uta2QwLW5VVW9UU0VoSzdhay1FdEFCSWJOdzBaLXJuaTRVOGpQWlRSVDZ0WWpjR1hQYUh3SHdhT3o2TGFmb2tVT3czeUNsblR6MUhGZXlJWHFDVk5ZdDBTdGRn?oc=5,,,Other,Other,,,,,,https://news.google.com/rss/articles/CBMiekFVX3lxTE5BR0VYc2xlb0VXLTJEYTJWS0Vmcy1aS3Uta2QwLW5VVW9UU0VoSzdhay1FdEFCSWJOdzBaLXJuaTRVOGpQWlRSVDZ0WWpjR1hQYUh3SHdhT3o2TGFmb2tVT3czeUNsblR6MUhGZXlJWHFDVk5ZdDBTdGRn?oc=5,https://news.google.com/rss/articles/CBMiekFVX3lxTE5BR0VYc2xlb0VXLTJEYTJWS0Vmcy1aS3Uta2QwLW5VVW9UU0VoSzdhay1FdEFCSWJOdzBaLXJuaTRVOGpQWlRSVDZ0WWpjR1hQYUh3SHdhT3o2TGFmb2tVT3czeUNsblR6MUhGZXlJWHFDVk5ZdDBTdGRn?oc=5,0,0,0,0,0,scraped
https://news.google.com/rss/articles/CBMioAFBVV95cUxQN1ZXa3laNjRTNnctY3lKMnpoQ3RZemtIbElqSWFtc1ljSzBQeU1ScE9udWY1NnpOWXNlaDBWRUVkREdzQTgwZzJ5RFE2bGhES2V4Y0tuUGtiTm1KazZjTUpzTGdOWGNEbkNubkNKaTdPWkxoQmdzVXlHY2lyR3FFb3JRVF80ZUJROGxWU3ZsZFNNQ0JacjlLUGtYUkk1QWVL0gGjAUFVX3lxTFBmQV81Z1pjSGhmZ19jWmttZk5Qbk0wUHlLLU1LVVlobmJHWmhVWGRzTTJPRjZPaFFVTUx2eXgtbmN5MjlfaHgzVkM0bUN6TkdfWkxpQWlodDk3ZkJqR0Fqd1I3UTRmUUFzcVlrbVd6aFlJNFctanFOY2JlT2VaTG0tT052UXNseFdDRWNrNHJGQWhNWEE4VFlLM1ZGZ3JCVExwUzQ?oc=5,,,Other,Other,,,,,,https://news.google.com/rss/articles/CBMioAFBVV95cUxQN1ZXa3laNjRTNnctY3lKMnpoQ3RZemtIbElqSWFtc1ljSzBQeU1ScE9udWY1NnpOWXNlaDBWRUVkREdzQTgwZzJ5RFE2bGhES2V4Y0tuUGtiTm1KazZjTUpzTGdOWGNEbkNubkNKaTdPWkxoQmdzVXlHY2lyR3FFb3JRVF80ZUJROGxWU3ZsZFNNQ0JacjlLUGtYUkk1QWVL0gGjAUFVX3lxTFBmQV81Z1pjSGhmZ19jWmttZk5Qbk0wUHlLLU1LVVlobmJHWmhVWGRzTTJPRjZPaFFVTUx2eXgtbmN5MjlfaHgzVkM0bUN6TkdfWkxpQWlodDk3ZkJqR0Fqd1I3UTRmUUFzcVlrbVd6aFlJNFctanFOY2JlT2VaTG0tT052UXNseFdDRWNrNHJGQWhNWEE4VFlLM1ZGZ3JCVExwUzQ?oc=5,https://news.google.com/rss/articles/CBMioAFBVV95cUxQN1ZXa3laNjRTNnctY3lKMnpoQ3RZemtIbElqSWFtc1ljSzBQeU1ScE9udWY1NnpOWXNlaDBWRUVkREdzQTgwZzJ5RFE2bGhES2V4Y0tuUGtiTm1KazZjTUpzTGdOWGNEbkNubkNKaTdPWkxoQmdzVXlHY2lyR3FFb3JRVF80ZUJROGxWU3ZsZFNNQ0JacjlLUGtYUkk1QWVL0gGjAUFVX3lxTFBmQV81Z1pjSGhmZ19jWmttZk5Qbk0wUHlLLU1LVVlobmJHWmhVWGRzTTJPRjZPaFFVTUx2eXgtbmN5MjlfaHgzVkM0bUN6TkdfWkxpQWlodDk3ZkJqR0Fqd1I3UTRmUUFzcVlrbVd6aFlJNFctanFOY2JlT2VaTG0tT052UXNseFdDRWNrNHJGQWhNWEE4VFlLM1ZGZ3JCVExwUzQ?oc=5,0,0,0,0,0,scraped
https://news.google.com/rss/articles/CBMiogFBVV95cUxQUTVHQlN6ZmJtVFVlY1RfcDYxSmN4SVBFZnBKMDdQbHVXSGF3b2I3Q0U5OV9DRl9kY2tDOXZVMzJaS1ZXVldpUUNZV0J2cTZVc1d3Skdjd3QzSzRBSHotSmZyc1ZEVjJXbUx0YUNuLTRlbE4tcl9YbEp2TGJEQUY1Z3FkcGZaU2tvZk52Z2VibGVrS0pxRWsyZV9BM05NN2twZWc?oc=5,,,Other,Other,,,,,,https://news.google.com/rss/articles/CBMiogFBVV95cUxQUTVHQlN6ZmJtVFVlY1RfcDYxSmN4SVBFZnBKMDdQbHVXSGF3b2I3Q0U5OV9DRl9kY2tDOXZVMzJaS1ZXVldpUUNZV0J2cTZVc1d3Skdjd3QzSzRBSHotSmZyc1ZEVjJXbUx0YUNuLTRlbE4tcl9YbEp2TGJEQUY1Z3FkcGZaU2tvZk52Z2VibGVrS0pxRWsyZV9BM05NN2twZWc?oc=5,https://news.google.com/rss/articles/CBMiogFBVV95cUxQUTVHQlN6ZmJtVFVlY1RfcDYxSmN4SVBFZnBKMDdQbHVXSGF3b2I3Q0U5OV9DRl9kY2tDOXZVMzJaS1ZXVldpUUNZV0J2cTZVc1d3Skdjd3QzSzRBSHotSmZyc1ZEVjJXbUx0YUNuLTRlbE4tcl9YbEp2TGJEQUY1Z3FkcGZaU2tvZk52Z2VibGVrS0pxRWsyZV9BM05NN2twZWc?oc=5,0,0,0,0,0,scraped
https://news.google.com/rss/articles/CBMiqgFBVV95cUxNcTZXRnlWVG9DQzVGZmdEWFBzWllkZ0ZaNlJybUhKTTRpWjUtS291aHRZSndVd012UUhNY2dMU2Nma21ueXVzVjM2dm9tUGZMRmRIOTkwekt2cUkxLWJ3X3hFaVBGZFBoaDJIY0hiTG16OFRBNm1Oa1ZHNWcwUVFnVE4zRS16ODAxQklDRlo1OHF0M0IzRmhZekpDV294MDRlUnBWVUtVVmtJdw?oc=5,,,Other,Other,,,,,,https://news.google.com/rss/articles/CBMiqgFBVV95cUxNcTZXRnlWVG9DQzVGZmdEWFBzWllkZ0ZaNlJybUhKTTRpWjUtS291aHRZSndVd012UUhNY2dMU2Nma21ueXVzVjM2dm9tUGZMRmRIOTkwekt2cUkxLWJ3X3hFaVBGZFBoaDJIY0hiTG16OFRBNm1Oa1ZHNWcwUVFnVE4zRS16ODAxQklDRlo1OHF0M0IzRmhZekpDV294MDRlUnBWVUtVVmtJdw?oc=5,https://news.google.com/rss/articles/CBMiqgFBVV95cUxNcTZXRnlWVG9DQzVGZmdEWFBzWllkZ0ZaNlJybUhKTTRpWjUtS291aHRZSndVd012UUhNY2dMU2Nma21ueXVzVjM2dm9tUGZMRmRIOTkwekt2cUkxLWJ3X3hFaVBGZFBoaDJIY0hiTG16OFRBNm1Oa1ZHNWcwUVFnVE4zRS16ODAxQklDRlo1OHF0M0IzRmhZekpDV294MDRlUnBWVUtVVmtJdw?oc=5,0,0,0,0,0,scraped
https://news.google.com/rss/articles/CBMioAFBVV95cUxQN1ZXa3laNjRTNnctY3lKMnpoQ3RZemtIbElqSWFtc1ljSzBQeU1ScE9udWY1NnpOWXNlaDBWRUVkREdzQTgwZzJ5RFE2bGhES2V4Y0tuUGtiTm1KazZjTUpzTGdOWGNEbkNubkNKaTdPWkxoQmdzVXlHY2lyR3FFb3JRVF80ZUJROGxWU3ZsZFNNQ0JacjlLUGtYUkk1QWVL0gGjAUFVX3lxTFBmQV81Z1pjSGhmZ19jWmttZk5Qbk0wUHlLLU1LVVlobmJHWmhVWGRzTTJPRjZPaFFVTUx2eXgtbmN5MjlfaHgzVkM0bUN6TkdfWkxpQWlodDk3ZkJqR0Fqd1I3UTRmUUFzcVlrbVd6aFlJNFctanFOY2JlT2VaTG0tT052UXNseFdDRWNrNHJGQWhNWEE4VFlLM1ZGZ3JCVExwUzQ?oc=5,,,Other,Other,,,,,,https://news.google.com/rss/articles/CBMioAFBVV95cUxQN1ZXa3laNjRTNnctY3lKMnpoQ3RZemtIbElqSWFtc1ljSzBQeU1ScE9udWY1NnpOWXNlaDBWRUVkREdzQTgwZzJ5RFE2bGhES2V4Y0tuUGtiTm1KazZjTUpzTGdOWGNEbkNubkNKaTdPWkxoQmdzVXlHY2lyR3FFb3JRVF80ZUJROGxWU3ZsZFNNQ0JacjlLUGtYUkk1QWVL0gGjAUFVX3lxTFBmQV81Z1pjSGhmZ19jWmttZk5Qbk0wUHlLLU1LVVlobmJHWmhVWGRzTTJPRjZPaFFVTUx2eXgtbmN5MjlfaHgzVkM0bUN6TkdfWkxpQWlodDk3ZkJqR0Fqd1I3UTRmUUFzcVlrbVd6aFlJNFctanFOY2JlT2VaTG0tT052UXNseFdDRWNrNHJGQWhNWEE4VFlLM1ZGZ3JCVExwUzQ?oc=5,https://news.google.com/rss/articles/CBMioAFBVV95cUxQN1ZXa3laNjRTNnctY3lKMnpoQ3RZemtIbElqSWFtc1ljSzBQeU1ScE9udWY1NnpOWXNlaDBWRUVkREdzQTgwZzJ5RFE2bGhES2V4Y0tuUGtiTm1KazZjTUpzTGdOWGNEbkNubkNKaTdPWkxoQmdzVXlHY2lyR3FFb3JRVF80ZUJROGxWU3ZsZFNNQ0JacjlLUGtYUkk1QWVL0gGjAUFVX3lxTFBmQV81Z1pjSGhmZ19jWmttZk5Qbk0wUHlLLU1LVVlobmJHWmhVWGRzTTJPRjZPaFFVTUx2eXgtbmN5MjlfaHgzVkM0bUN6TkdfWkxpQWlodDk3ZkJqR0Fqd1I3UTRmUUFzcVlrbVd6aFlJNFctanFOY2JlT2VaTG0tT052UXNseFdDRWNrNHJGQWhNWEE4VFlLM1ZGZ3JCVExwUzQ?oc=5,0,0,0,0,0,scraped
https://news.google.com/rss/articles/CBMiogFBVV95cUxQUTVHQlN6ZmJtVFVlY1RfcDYxSmN4SVBFZnBKMDdQbHVXSGF3b2I3Q0U5OV9DRl9kY2tDOXZVMzJaS1ZXVldpUUNZV0J2cTZVc1d3Skdjd3QzSzRBSHotSmZyc1ZEVjJXbUx0YUNuLTRlbE4tcl9YbEp2TGJEQUY1Z3FkcGZaU2tvZk52Z2VibGVrS0pxRWsyZV9BM05NN2twZWc?oc=5,,,Other,Other,,,,,,https://news.google.com/rss/articles/CBMiogFBVV95cUxQUTVHQlN6ZmJtVFVlY1RfcDYxSmN4SVBFZnBKMDdQbHVXSGF3b2I3Q0U5OV9DRl9kY2tDOXZVMzJaS1ZXVldpUUNZV0J2cTZVc1d3Skdjd3QzSzRBSHotSmZyc1ZEVjJXbUx0YUNuLTRlbE4tcl9YbEp2TGJEQUY1Z3FkcGZaU2tvZk52Z2VibGVrS0pxRWsyZV9BM05NN2twZWc?oc=5,https://news.google.com/rss/articles/CBMiogFBVV95cUxQUTVHQlN6ZmJtVFVlY1RfcDYxSmN4SVBFZnBKMDdQbHVXSGF3b2I3Q0U5OV9DRl9kY2tDOXZVMzJaS1ZXVldpUUNZV0J2cTZVc1d3Skdjd3QzSzRBSHotSmZyc1ZEVjJXbUx0YUNuLTRlbE4tcl9YbEp2TGJEQUY1Z3FkcGZaU2tvZk52Z2VibGVrS0pxRWsyZV9BM05NN2twZWc?oc=5,0,0,0,0,0,scraped
https://news.google.com/rss/articles/CBMiqgFBVV95cUxNcTZXRnlWVG9DQzVGZmdEWFBzWllkZ0ZaNlJybUhKTTRpWjUtS291aHRZSndVd012UUhNY2dMU2Nma21ueXVzVjM2dm9tUGZMRmRIOTkwekt2cUkxLWJ3X3hFaVBGZFBoaDJIY0hiTG16OFRBNm1Oa1ZHNWcwUVFnVE4zRS16ODAxQklDRlo1OHF0M0IzRmhZekpDV294MDRlUnBWVUtVVmtJdw?oc=5,,,Other,Other,,,,,,https://news.google.com/rss/articles/CBMiqgFBVV95cUxNcTZXRnlWVG9DQzVGZmdEWFBzWllkZ0ZaNlJybUhKTTRpWjUtS291aHRZSndVd012UUhNY2dMU2Nma21ueXVzVjM2dm9tUGZMRmRIOTkwekt2cUkxLWJ3X3hFaVBGZFBoaDJIY0hiTG16OFRBNm1Oa1ZHNWcwUVFnVE4zRS16ODAxQklDRlo1OHF0M0IzRmhZekpDV294MDRlUnBWVUtVVmtJdw?oc=5,https://news.google.com/rss/articles/CBMiqgFBVV95cUxNcTZXRnlWVG9DQzVGZmdEWFBzWllkZ0ZaNlJybUhKTTRpWjUtS291aHRZSndVd012UUhNY2dMU2Nma21ueXVzVjM2dm9tUGZMRmRIOTkwekt2cUkxLWJ3X3hFaVBGZFBoaDJIY0hiTG16OFRBNm1Oa1ZHNWcwUVFnVE4zRS16ODAxQklDRlo1OHF0M0IzRmhZekpDV294MDRlUnBWVUtVVmtJdw?oc=5,0,0,0,0,0,scraped
https://news.google.com/rss/articles/CBMivwFBVV95cUxPNTBhb25XS3YtZWFJVUUtYnUwcU1nSUNnb2pIR1luU0pvV2hSUjVFcS1temxPdE1UVWFwZnR3WXhfUnJnTHB3REhhdExlQVBIMU5SNmpMRGVVWHpVZjdGSUhOR3RRU1B3UzRfR0h5U2ZCSWFLVG5mMjFCWndtSHpiTTJndzF6c0QzdUM2R2h6eldlZEFHSUlTSFRtTmdFWnAtWENteXMwU21ZdjB5QVpaQVl6RTg4WHBPYlVJVVU5OA?oc=5,,,Other,Other,,,,,,https://news.google.com/rss/articles/CBMivwFBVV95cUxPNTBhb25XS3YtZWFJVUUtYnUwcU1nSUNnb2pIR1luU0pvV2hSUjVFcS1temxPdE1UVWFwZnR3WXhfUnJnTHB3REhhdExlQVBIMU5SNmpMRGVVWHpVZjdGSUhOR3RRU1B3UzRfR0h5U2ZCSWFLVG5mMjFCWndtSHpiTTJndzF6c0QzdUM2R2h6eldlZEFHSUlTSFRtTmdFWnAtWENteXMwU21ZdjB5QVpaQVl6RTg4WHBPYlVJVVU5OA?oc=5,https://news.google.com/rss/articles/CBMivwFBVV95cUxPNTBhb25XS3YtZWFJVUUtYnUwcU1nSUNnb2pIR1luU0pvV2hSUjVFcS1temxPdE1UVWFwZnR3WXhfUnJnTHB3REhhdExlQVBIMU5SNmpMRGVVWHpVZjdGSUhOR3RRU1B3UzRfR0h5U2ZCSWFLVG5mMjFCWndtSHpiTTJndzF6c0QzdUM2R2h6eldlZEFHSUlTSFRtTmdFWnAtWENteXMwU21ZdjB5QVpaQVl6RTg4WHBPYlVJVVU5OA?oc=5,0,0,0,0,0,scraped
https://news.google.com/rss/articles/CBMixgFBVV95cUxNMkdid3FacVdnQ2dkN3FrOUpoTldUTGRPN1NURVdGamZwdmFyeU5YLV9QU3VoUWlBdEFMcVB0VUVSdHlVNFdESDZMcFp0emxUNjRlTmtncmxMNDVKSEZ2WWRZSlJTQVZqQ29OZU9EVWo2dW1qcFFqVXo1YnZQc2dZTjlwMGNSRDVtbUU5SFRXZ0MtcGlYYkNzM1hqeHNaUnFYMmFrT3FsZWhaRXhzMnQyM3pWcnY1OG5NR1hrU2dOQ1ZPQVduUUE?oc=5,,,Other,Other,,,,,,https://news.google.com/rss/articles/CBMixgFBVV95cUxNMkdid3FacVdnQ2dkN3FrOUpoTldUTGRPN1NURVdGamZwdmFyeU5YLV9QU3VoUWlBdEFMcVB0VUVSdHlVNFdESDZMcFp0emxUNjRlTmtncmxMNDVKSEZ2WWRZSlJTQVZqQ29OZU9EVWo2dW1qcFFqVXo1YnZQc2dZTjlwMGNSRDVtbUU5SFRXZ0MtcGlYYkNzM1hqeHNaUnFYMmFrT3FsZWhaRXhzMnQyM3pWcnY1OG5NR1hrU2dOQ1ZPQVduUUE?oc=5,https://news.google.com/rss/articles/CBMixgFBVV95cUxNMkdid3FacVdnQ2dkN3FrOUpoTldUTGRPN1NURVdGamZwdmFyeU5YLV9QU3VoUWlBdEFMcVB0VUVSdHlVNFdESDZMcFp0emxUNjRlTmtncmxMNDVKSEZ2WWRZSlJTQVZqQ29OZU9EVWo2dW1qcFFqVXo1YnZQc2dZTjlwMGNSRDVtbUU5SFRXZ0MtcGlYYkNzM1hqeHNaUnFYMmFrT3FsZWhaRXhzMnQyM3pWcnY1OG5NR1hrU2dOQ1ZPQVduUUE?oc=5,0,0,0,0,0,scraped
https://news.google.com/rss/articles/CBMi7AFBVV95cUxPbk9sTlNTTkxpTTBpVFFzRnRpWXVTajRtemkwYjJ0S0Ffb1VtODVwUHhqSlliek5SYkwweHVVVXRhdUU2ZHd4ZnYxUEpUSVFjQ2R0aUtuaDVVU0VJZW0yNTVTeTRGa1QwSzZHZ2FtbUQtUFB2X3k2UF9RUEZIR1hRR3ZOUDR3LWVId3BCbW9EbHQ3UEZTRlp6WUhlOFFYQWlKNm91MzFsRkFWdkZlbG9fd0kySVBCTC1iRGN2S05jUnEwVXYySnZzdi1xUEFTdXNZMno2SmFUbFBwMnZHUDNNU2xmWmlaX2hvcUtIbQ?oc=5,,,Other,Other,,,,,,https://news.google.com/rss/articles/CBMi7AFBVV95cUxPbk9sTlNTTkxpTTBpVFFzRnRpWXVTajRtemkwYjJ0S0Ffb1VtODVwUHhqSlliek5SYkwweHVVVXRhdUU2ZHd4ZnYxUEpUSVFjQ2R0aUtuaDVVU0VJZW0yNTVTeTRGa1QwSzZHZ2FtbUQtUFB2X3k2UF9RUEZIR1hRR3ZOUDR3LWVId3BCbW9EbHQ3UEZTRlp6WUhlOFFYQWlKNm91MzFsRkFWdkZlbG9fd0kySVBCTC1iRGN2S05jUnEwVXYySnZzdi1xUEFTdXNZMno2SmFUbFBwMnZHUDNNU2xmWmlaX2hvcUtIbQ?oc=5,https://news.google.com/rss/articles/CBMi7AFBVV95cUxPbk9sTlNTTkxpTTBpVFFzRnRpWXVTajRtemkwYjJ0S0Ffb1VtODVwUHhqSlliek5SYkwweHVVVXRhdUU2ZHd4ZnYxUEpUSVFjQ2R0aUtuaDVVU0VJZW0yNTVTeTRGa1QwSzZHZ2FtbUQtUFB2X3k2UF9RUEZIR1hRR3ZOUDR3LWVId3BCbW9EbHQ3UEZTRlp6WUhlOFFYQWlKNm91MzFsRkFWdkZlbG9fd0kySVBCTC1iRGN2S05jUnEwVXYySnZzdi1xUEFTdXNZMno2SmFUbFBwMnZHUDNNU2xmWmlaX2hvcUtIbQ?oc=5,0,0,0,0,0,scraped
https://news.google.com/rss/articles/CBMiugFBVV95cUxQaFpFZnlUcnhrNVJFd05SY1Y3dzRlaWNzRXFIQ2RaSGNvalFDTnpqSllKZXhicXVCX1VuOTFBOUJsY0NiUk1Ea1ExLWt0Q0stVUdwd2VWcG5LUUhYSWNGM2lNaW11cHJrdjNWRDlvYVktb2NqQ2pDTzVOWDFGX0o0VDAwSXh4STRaM2pyV01BS0ZuYmlFV3hfcnBuT2ZWNFgtcXpPdUpNZE91UkE1dldGUm0tcHlId2lxTmc?oc=5,,,Other,Other,,,,,,https://news.google.com/rss/articles/CBMiugFBVV95cUxQaFpFZnlUcnhrNVJFd05SY1Y3dzRlaWNzRXFIQ2RaSGNvalFDTnpqSllKZXhicXVCX1VuOTFBOUJsY0NiUk1Ea1ExLWt0Q0stVUdwd2VWcG5LUUhYSWNGM2lNaW11cHJrdjNWRDlvYVktb2NqQ2pDTzVOWDFGX0o0VDAwSXh4STRaM2pyV01BS0ZuYmlFV3hfcnBuT2ZWNFgtcXpPdUpNZE91UkE1dldGUm0tcHlId2lxTmc?oc=5,https://news.google.com/rss/articles/CBMiugFBVV95cUxQaFpFZnlUcnhrNVJFd05SY1Y3dzRlaWNzRXFIQ2RaSGNvalFDTnpqSllKZXhicXVCX1VuOTFBOUJsY0NiUk1Ea1ExLWt0Q0stVUdwd2VWcG5LUUhYSWNGM2lNaW11cHJrdjNWRDlvYVktb2NqQ2pDTzVOWDFGX0o0VDAwSXh4STRaM2pyV01BS0ZuYmlFV3hfcnBuT2ZWNFgtcXpPdUpNZE91UkE1dldGUm0tcHlId2lxTmc?oc=5,0,0,0,0,0,scraped
https://news.google.com/rss/articles/CBMitwFBVV95cUxOVmRLTkxnVVVodGNCMjd3aS1FVC1iMHFfd3E4Sm9rUXJKc3FZOEx6YXdMSGFzSHpfd3NpVjNNakxkVE04SnZoa0dJdl9Ydm9nc290NHhXUk5uQ3hIZXlQOFNOa0ZQSzVoN3V5S1pOSXpBcVE0eFZjMF9ob1BaWk13Rnh0UzZMWE1SRkRhMHJ0WklBcVp5QlI1LXdhM2RPZTl2NER5NUFlTS1CLUt4ZUgtMGpnZm1lTUE?oc=5,,,Other,Other,,,,,,https://news.google.com/rss/articles/CBMitwFBVV95cUxOVmRLTkxnVVVodGNCMjd3aS1FVC1iMHFfd3E4Sm9rUXJKc3FZOEx6YXdMSGFzSHpfd3NpVjNNakxkVE04SnZoa0dJdl9Ydm9nc290NHhXUk5uQ3hIZXlQOFNOa0ZQSzVoN3V5S1pOSXpBcVE0eFZjMF9ob1BaWk13Rnh0UzZMWE1SRkRhMHJ0WklBcVp5QlI1LXdhM2RPZTl2NER5NUFlTS1CLUt4ZUgtMGpnZm1lTUE?oc=5,https://news.google.com/rss/articles/CBMitwFBVV95cUxOVmRLTkxnVVVodGNCMjd3aS1FVC1iMHFfd3E4Sm9rUXJKc3FZOEx6YXdMSGFzSHpfd3NpVjNNakxkVE04SnZoa0dJdl9Ydm9nc290NHhXUk5uQ3hIZXlQOFNOa0ZQSzVoN3V5S1pOSXpBcVE0eFZjMF9ob1BaWk13Rnh0UzZMWE1SRkRhMHJ0WklBcVp5QlI1LXdhM2RPZTl2NER5NUFlTS1CLUt4ZUgtMGpnZm1lTUE?oc=5,0,0,0,0,0,scraped
https://news.google.com/rss/articles/CBMiqgFBVV95cUxObVFGQ283dnpaN0xoNXpaLVFMWHFqWFRpV052NmlPTnNqWlRWYmp0d0JINGNOQWhaendhMFpickpJcjBUV1hpcGJYWm4yLWdGeE5JdUZJZzV1dDNKTmlBcW54OXRQUmd0TWZ0eHZ3SDlrTjVMY2tIalVQRFlyQXFvYl9CeFppdDltb3NiQm84LXpJSDQ3RDBwZFhZNDVQaS1CV0gtV1EyVTJYZw?oc=5,,,Other,Other,,,,,,https://news.google.com/rss/articles/CBMiqgFBVV95cUxObVFGQ283dnpaN0xoNXpaLVFMWHFqWFRpV052NmlPTnNqWlRWYmp0d0JINGNOQWhaendhMFpickpJcjBUV1hpcGJYWm4yLWdGeE5JdUZJZzV1dDNKTmlBcW54OXRQUmd0TWZ0eHZ3SDlrTjVMY2tIalVQRFlyQXFvYl9CeFppdDltb3NiQm84LXpJSDQ3RDBwZFhZNDVQaS1CV0gtV1EyVTJYZw?oc=5,https://news.google.com/rss/articles/CBMiqgFBVV95cUxObVFGQ283dnpaN0xoNXpaLVFMWHFqWFRpV052NmlPTnNqWlRWYmp0d0JINGNOQWhaendhMFpickpJcjBUV1hpcGJYWm4yLWdGeE5JdUZJZzV1dDNKTmlBcW54OXRQUmd0TWZ0eHZ3SDlrTjVMY2tIalVQRFlyQXFvYl9CeFppdDltb3NiQm84LXpJSDQ3RDBwZFhZNDVQaS1CV0gtV1EyVTJYZw?oc=5,0,0,0,0,0,scraped
