ID,keyword,localidade,title,link,published,collection_date
8e5f7e4433e303fe0470a115221ab28f,chuva,resende,Previs√£o do tempo aponta dia chuvoso hoje (07) para Resende (RJ) - UOL Not√≠cias,https://news.google.com/rss/articles/CBMiqgFBVV95cUxQX0NqMGNwWmltVTJtcVk0SVNvejYzblRkbS11TmtTeEhKd3dSa0hOZUV2d1kwUDU3VGJtU3BJRG5RRnBmSmJ4UUJhM3FMTEp3OTE2SS1DcVQzSlFlZ0RacVJsVmFVWUxZam5DU0RpVGlzYkVjU2FjSlFod1ZnWDNZQUkxS3I3bFNTMERpMEc5dUpkOHR0YTB4WUxEY3dfVW1Qdmpid1ZmX2Rmdw?oc=5,"Sat, 07 Jun 2025 05:24:42 GMT",2025-06-08
210cb697a91f018ba23d10e0aad9e0db,cheias,Ribeira Brava,Miguel Nunes vence Rali da Ribeira Brava - dnoticias.pt,https://news.google.com/rss/articles/CBMiigFBVV95cUxPNnJRaUJlaGhkNm4xbWN2LWU0dDRCRVlOUUdvd0Y2ME1HenlYNDNTb21qajJUajl6MjB5YURDbjFKcXZtS2VSS1JVOGdBMGpKLUJtNnAwZzNHRzdrcXpVV0ZCOU10WTZseXl6bDdxcnBmZjlGajVET19Hdmx4MERfUEJkeFY3YmhZWWc?oc=5,"Sat, 07 Jun 2025 16:47:33 GMT",2025-06-08
cae14aac98a4918add67a273dad0df23,chuva,oliveira do bairro,"""Vamos sempre fazer chover dinheiro"": An√≠bal Pinto apresentou candidatura √† C√¢mara do Porto com chuva de notas - Expresso",https://news.google.com/rss/articles/CBMijwJBVV95cUxPcFlfNDhTMkE3NzY2cXZpNWEyc2taZVRuTnBESlRXVWk0UUxpaENhTzI3bENXSUNNODBOTmhZNmFZZWpTekV6eW03YWo0NzJnZ1pkSzRGUmVUZWlHNDBfNHB3Mm4zd2hVem50bUZyMGFZd0pGZXZlYkpoVVBfZkJZLTRzTUthVndYcXFLTEpfMVlZQ2pWZjhCZkhaUXRfUUJlVzRzVFJ0ZVdlSllIamludVZuRDZYQXA1OGRDUm0zci1BMkVRZElkV2RtenFaZ3RLMlRiUEU2cUtZQ3NqdzNrMDBpYll0dGRONTVDejVBcWVxMi1NbWg0NFF4XzBqRDJXYmozTlB5R0c0MFZGeXlB0gGUAkFVX3lxTE5pdkJDNFpNdjl2WExvZWlNWFJsMWVfeE8xeklic1RGdkkyVDB2ZTVBdktmOTdoREZnTGdEU0VpbFdZSjFqN0ZzS0haYmgxX3BFanFPMEYxTmUtYTktWmJwNXFCcUtfQXh0TnE2OEl0N2wtSTU1czB4MVZ5WU9kVTdOcndoZFNiN0lIa3NKODVFR0xQbEktMHhWN21OUTZzOWZHZGxlcVNhUXpvVjBNTF9TbEdKVmhLc0ZaaDRrMm9lSHpPQVg4WHNPeGRYSEhTS2pRNXplTWpKb1pMYjBpazVxcFRPeEJ5eDNVd3k2Zk5WZmtiWUVuT0RGZDhjNkRfV3NRVTlMNGtwUGEzNm9lcjJhczhIWA?oc=5,"Sat, 07 Jun 2025 20:24:37 GMT",2025-06-08
ab97d3cd8e3e97f99757c6a70aa170d8,chuva,Amarante,Previs√£o do tempo aponta dia ensolarado hoje (07) para S√£o Gon√ßalo do Amarante (CE) - UOL Not√≠cias,https://news.google.com/rss/articles/CBMivwFBVV95cUxNX2pqZkQxbzJBNS16U1lHVVRKSkNGaFV1MEhaa185eGRJbEJrbWJzUXhwQmhvMFd1WW1WRDlUQ1dqTmFCYk9ldW1DVkhjWTh1MHIySkZuZEJkRjB4RGJiVmRzR0FESXhLS1J2MTY0bmJwSzhkeW1sa2dwQWRIMktrTEljZHhnclZ1MHB5VHRZbUE2SmQ1X1N5a3RqZHRrMFdmWHV5RDZJQTVBallvZzRkNVZXN2Fnd3FvNUc5bEg1QQ?oc=5,"Sat, 07 Jun 2025 05:32:36 GMT",2025-06-08
c2faf0b05a32946439112a23513195e4,neve,sesimbra,Praias de sonho em Portugal para levares as tuas f√©rias a outro n√≠vel - Magazine.HD,https://news.google.com/rss/articles/CBMilAFBVV95cUxNNEotaENMZlkzLUMtQnd4ck9fR2VtLXZZVS16NFMtTmwtakRsNFhkWkxTNUhmVkpSTzBCc3ZoWU5xQU96ZmpCM1NsUkpQTGxUS0dobm05QnJ6TUlaR0h0anRFNWF6eGRUaU1SdzdsSHdyQzdHYWQ3UWZqajhNNTlHZnJXTWg3X3BSNTl4NnFla3lkcjlG?oc=5,"Sat, 07 Jun 2025 18:00:13 GMT",2025-06-08
8fe8825ce3253d1b4a6412ddc041f626,cheias,√≥bidos,"Antigo antiqu√°rio, foi neste bar em √ìbidos que come√ßou a tradi√ß√£o da ginjinha - Expresso",https://news.google.com/rss/articles/CBMihwJBVV95cUxOenFpVWN3eHBpR0NJQUdtVHVUd2N4U0Vxekdwd2VRanVhenFtRGpBamp2RWVqRDdoMmFDeWppczV1UEdjbExWcFJZU0pFS0x2MEFfa1Z0cFM4LTBmTHNRNC1fUFFUU3VHRWtia0R3TkdiVEQ0YTRNVVlfZlJHclhJOUZaeThrMkhaZGhMRERac3VaQTVjeEJfR1ZEZnBqcVdHdEZ6RHEyNEpPVVhYdDVEdU1ZUk95RVU5Wkx6Qk5UTW5yVEJDendmQmJSeGhFQVZmcEdNbmdFUUFuX3JUU2ZxUDBQWlJ4UUJDWTNuV1o4RldBNVd5b2F0TUlydDNhRkNBR2JwbHE4Y9IBjAJBVV95cUxObXFJbC14VUVOMXloQVRVV05mLUt6UVNpMzFNYUx1R0dLaGJWTTkwdnZpNlRaZzRNY0V4OE5QMXp0WEhTanNRQkZFRU1paS1STlRWU1ZDYncwRXlHbXota1FxbGhpRUhldnZXbXBmSkU1c2NjRHAyQl82SmUyZG9NUTd6RUUzaklMLXRLRkVETDE5QkZqanE3LTFtdlRMVW85cWxCR2JTdzJWQ0JQLXNhN21EX1VhQTNnYW55Vkk2OXNzSEktNFRIb3l1RXZQX29uMW8tU09tRTA5czduSFRnMGV6X2tyamRIR2N1TlRnUzU0SGx1VEpQM0tZdjlsN3dlZFJUdldhU2VDSlIy?oc=5,"Sat, 07 Jun 2025 15:46:09 GMT",2025-06-08
f3f47bb6b7a65628fa2b09e070269d27,cheias,santa comba d√£o,Caminhada solid√°ria apoia os Bombeiros de Santa Comba D√£o - Jornal do Centro,https://news.google.com/rss/articles/CBMikgFBVV95cUxNVGJYQnF4V1NpRjRSWnVlWDlUN244SkcwcFdFNFd4MmVoWXI3OW55SGpma1YycmJEcEo0SVJacjJGR1ViWUVfR0tpRWIwRnhNeVBIOUhWVDlEbF9UYlVqZnNSbHREd0lEdmxfZTQ1WG5PbWxGRnloMHhXcTE0b2RvcWQ0bTFOX1E5SkhEZFctRzlFQQ?oc=5,"Sat, 07 Jun 2025 07:25:15 GMT",2025-06-08
9053b290137e1a51925de65b7828919f,cheias,Macedo de Cavaleiros,"F√°tima Lopes visita aldeia e √© recebida com amor. ""Fui t√£o mimada"" - MSN",https://news.google.com/rss/articles/CBMi1gFBVV95cUxQdUdHZzlpaVp6RllkcWtNa1JoWllzVTBDM0JSOVlTeURHTi1abUdCajZPRktvZDNqS1JDNmdEMXhGQXNtR29jRkc4S0wzWGVER1Bjc0lPUTZQdnZjUGtEeGRsRFk3WkJoSGp2TDFFMk44ZkVqWXJTOEZ3TjBmU3ZLcDRJdW4zWnF0NUVkZmhnaWh5RnpnOWtIXzBwWWRHcEZBc0RwNlczRGRCVWk4N1VWR1ZZSi10TTFqQ21wcmlnWFZzVzc4WHFVcmk1T29TSW5ubV9DeXdn?oc=5,"Sun, 08 Jun 2025 02:32:41 GMT",2025-06-08
f93ce98b82d36e1eb970b4ec58a16cc2,cheias,Faro,Casa cheia em Faro na vit√≥ria das √°guias - Liga Portugal,https://news.google.com/rss/articles/CBMihgFBVV95cUxOVDFuOUlLaU1QUEZQSEN0VU0zMUN0MEF1RTlNRmFCM3JyWjh6clZFNG1VVjdVM0xGSDRlZTY0VVlVVmhheGdRQ3FwaFdER2V2NFV1TEUwaXlncU52WURhLTV0cEtMMnY5M09tWk9wVl9RcUJfQlJoRVZJUnVGeEFTQ0JBQ21wQQ?oc=5,"Sun, 08 Jun 2025 06:44:22 GMT",2025-06-08
f3f47bb6b7a65628fa2b09e070269d27,cheias,Santa Comba D√£o,Caminhada solid√°ria apoia os Bombeiros de Santa Comba D√£o - Jornal do Centro,https://news.google.com/rss/articles/CBMikgFBVV95cUxNVGJYQnF4V1NpRjRSWnVlWDlUN244SkcwcFdFNFd4MmVoWXI3OW55SGpma1YycmJEcEo0SVJacjJGR1ViWUVfR0tpRWIwRnhNeVBIOUhWVDlEbF9UYlVqZnNSbHREd0lEdmxfZTQ1WG5PbWxGRnloMHhXcTE0b2RvcWQ0bTFOX1E5SkhEZFctRzlFQQ?oc=5,"Sat, 07 Jun 2025 07:25:15 GMT",2025-06-08
c2faf0b05a32946439112a23513195e4,neve,Sesimbra,Praias de sonho em Portugal para levares as tuas f√©rias a outro n√≠vel - Magazine.HD,https://news.google.com/rss/articles/CBMilAFBVV95cUxNNEotaENMZlkzLUMtQnd4ck9fR2VtLXZZVS16NFMtTmwtakRsNFhkWkxTNUhmVkpSTzBCc3ZoWU5xQU96ZmpCM1NsUkpQTGxUS0dobm05QnJ6TUlaR0h0anRFNWF6eGRUaU1SdzdsSHdyQzdHYWQ3UWZqajhNNTlHZnJXTWg3X3BSNTl4NnFla3lkcjlG?oc=5,"Sat, 07 Jun 2025 18:00:13 GMT",2025-06-08
f93ce98b82d36e1eb970b4ec58a16cc2,cheias,Faro,Casa cheia em Faro na vit√≥ria das √°guias - Liga Portugal,https://news.google.com/rss/articles/CBMihgFBVV95cUxOVDFuOUlLaU1QUEZQSEN0VU0zMUN0MEF1RTlNRmFCM3JyWjh6clZFNG1VVjdVM0xGSDRlZTY0VVlVVmhheGdRQ3FwaFdER2V2NFV1TEUwaXlncU52WURhLTV0cEtMMnY5M09tWk9wVl9RcUJfQlJoRVZJUnVGeEFTQ0JBQ21wQQ?oc=5,"Sun, 08 Jun 2025 06:44:22 GMT",2025-06-08
210cb697a91f018ba23d10e0aad9e0db,cheias,ribeira brava,Miguel Nunes vence Rali da Ribeira Brava - dnoticias.pt,https://news.google.com/rss/articles/CBMiigFBVV95cUxPNnJRaUJlaGhkNm4xbWN2LWU0dDRCRVlOUUdvd0Y2ME1HenlYNDNTb21qajJUajl6MjB5YURDbjFKcXZtS2VSS1JVOGdBMGpKLUJtNnAwZzNHRzdrcXpVV0ZCOU10WTZseXl6bDdxcnBmZjlGajVET19Hdmx4MERfUEJkeFY3YmhZWWc?oc=5,"Sat, 07 Jun 2025 16:47:33 GMT",2025-06-08
8fe8825ce3253d1b4a6412ddc041f626,cheias,√ìbidos,"Antigo antiqu√°rio, foi neste bar em √ìbidos que come√ßou a tradi√ß√£o da ginjinha - Expresso",https://news.google.com/rss/articles/CBMihwJBVV95cUxOenFpVWN3eHBpR0NJQUdtVHVUd2N4U0Vxekdwd2VRanVhenFtRGpBamp2RWVqRDdoMmFDeWppczV1UEdjbExWcFJZU0pFS0x2MEFfa1Z0cFM4LTBmTHNRNC1fUFFUU3VHRWtia0R3TkdiVEQ0YTRNVVlfZlJHclhJOUZaeThrMkhaZGhMRERac3VaQTVjeEJfR1ZEZnBqcVdHdEZ6RHEyNEpPVVhYdDVEdU1ZUk95RVU5Wkx6Qk5UTW5yVEJDendmQmJSeGhFQVZmcEdNbmdFUUFuX3JUU2ZxUDBQWlJ4UUJDWTNuV1o4RldBNVd5b2F0TUlydDNhRkNBR2JwbHE4Y9IBjAJBVV95cUxObXFJbC14VUVOMXloQVRVV05mLUt6UVNpMzFNYUx1R0dLaGJWTTkwdnZpNlRaZzRNY0V4OE5QMXp0WEhTanNRQkZFRU1paS1STlRWU1ZDYncwRXlHbXota1FxbGhpRUhldnZXbXBmSkU1c2NjRHAyQl82SmUyZG9NUTd6RUUzaklMLXRLRkVETDE5QkZqanE3LTFtdlRMVW85cWxCR2JTdzJWQ0JQLXNhN21EX1VhQTNnYW55Vkk2OXNzSEktNFRIb3l1RXZQX29uMW8tU09tRTA5czduSFRnMGV6X2tyamRIR2N1TlRnUzU0SGx1VEpQM0tZdjlsN3dlZFJUdldhU2VDSlIy?oc=5,"Sat, 07 Jun 2025 15:46:09 GMT",2025-06-08
f93ce98b82d36e1eb970b4ec58a16cc2,cheias,Faro,Casa cheia em Faro na vit√≥ria das √°guias - Liga Portugal,https://news.google.com/rss/articles/CBMihgFBVV95cUxOVDFuOUlLaU1QUEZQSEN0VU0zMUN0MEF1RTlNRmFCM3JyWjh6clZFNG1VVjdVM0xGSDRlZTY0VVlVVmhheGdRQ3FwaFdER2V2NFV1TEUwaXlncU52WURhLTV0cEtMMnY5M09tWk9wVl9RcUJfQlJoRVZJUnVGeEFTQ0JBQ21wQQ?oc=5,"Sun, 08 Jun 2025 06:44:22 GMT",2025-06-08
50d6bb81ab9b9f31989163f0810527e1,cheias,Ilha de Santa Maria,Conselho de Ilha de Santa Maria prepara visita estatut√°ria - RTP A√ßores,https://news.google.com/rss/articles/CBMikAFBVV95cUxQQ3hSdi1rOTJuVHAzVVdQT2NwX3BJUGtYSjdSRFBpNFZhWU9vajhpYWZOTEU0dDhPMTl6WE5iMGZLQnQ2dVNmMXBoY09GSjlPQTZmenpfUF92WU12TTd2anhNb3c2d3dFNzhVUXJ1OWxPUy00dVFZT1NHTHA2MjdvT3dKcFNhLVVDQmZSMGk0Vmc?oc=5,"Sat, 07 Jun 2025 19:20:00 GMT",2025-06-08
f93ce98b82d36e1eb970b4ec58a16cc2,cheias,faro,Casa cheia em Faro na vit√≥ria das √°guias - Liga Portugal,https://news.google.com/rss/articles/CBMihgFBVV95cUxOVDFuOUlLaU1QUEZQSEN0VU0zMUN0MEF1RTlNRmFCM3JyWjh6clZFNG1VVjdVM0xGSDRlZTY0VVlVVmhheGdRQ3FwaFdER2V2NFV1TEUwaXlncU52WURhLTV0cEtMMnY5M09tWk9wVl9RcUJfQlJoRVZJUnVGeEFTQ0JBQ21wQQ?oc=5,"Sun, 08 Jun 2025 06:44:22 GMT",2025-06-08
52d1804b735767db4c009cfcb4d2d55f,chuva,santo tirso,"‚ÄòCarrossel‚Äô meteorol√≥gico √† vista. 25 graus hoje, 37¬∫C na segunda e 25¬∫C na quarta. Chuva e trovoada a caminho - O Minho",https://news.google.com/rss/articles/CBMiwgFBVV95cUxOa1V3VVZSQUJ4aGx4MXB3VXZhbWlWSWRjRjFJTzROZUphOEJzUVAzSXVLQTNJazExYU5UMzF3cklZLTRUN0ZlUDUydlpqaFhtQ1Q5b0VHTlFNWkk1MG9KR056UzhBWXBFYkptLW9jMENMTWVELVNKbkF1elVfWkdIVEdNdGEzbzZkRGkycWFxeDFETEMxcTIycE9STEdfNHpURldYcmxvOW91a3VENXZjOXJiek1YS2RRNVVKNE1xYms1UQ?oc=5,"Sat, 07 Jun 2025 09:04:00 GMT",2025-06-08
8e5f7e4433e303fe0470a115221ab28f,chuva,Resende,Previs√£o do tempo aponta dia chuvoso hoje (07) para Resende (RJ) - UOL Not√≠cias,https://news.google.com/rss/articles/CBMiqgFBVV95cUxQX0NqMGNwWmltVTJtcVk0SVNvejYzblRkbS11TmtTeEhKd3dSa0hOZUV2d1kwUDU3VGJtU3BJRG5RRnBmSmJ4UUJhM3FMTEp3OTE2SS1DcVQzSlFlZ0RacVJsVmFVWUxZam5DU0RpVGlzYkVjU2FjSlFod1ZnWDNZQUkxS3I3bFNTMERpMEc5dUpkOHR0YTB4WUxEY3dfVW1Qdmpid1ZmX2Rmdw?oc=5,"Sat, 07 Jun 2025 05:24:42 GMT",2025-06-08
1475e6cd302b17b73021ba05ff5042e7,chuva,fronteira,Descubra a cidade em Portugal que se ergue no interior de muralhas e onde chove a cada tr√™s dias - postal.pt,https://news.google.com/rss/articles/CBMiwgFBVV95cUxORmpPUnJGdG56ckVuc2tYMW80am1UQTZmNkVlZ1B0TTFENE5RbDBDQm1VM3VkaGozOTR6NHNIT05WVGNBblRrVVk4cEdDcHY0alE3QWRJTjFmQ3dRdFhKVDhBdnUwOWZValZFdGxLUW5oczVfU2x0Zjd0WlFMTjU0ZFJiR2o0WldpSTNablJ0Mk9jYXVpYUJNU0hmZ01Zcmtpa0VWMXJsQ09EY1M4RDZfTjRMb3k2V25XZUlIa2ZwU1k0UQ?oc=5,"Sat, 07 Jun 2025 16:24:03 GMT",2025-06-08
24fe376e078716cbb74043c786fe17ee,tempestade,Albergaria-a-Velha,MARIA XVI - terranova.pt,https://news.google.com/rss/articles/CBMid0FVX3lxTFB6NHZhUTJLc00yczdObjlobVR3cGFMNG01Qk1uT0NNS3B3dVRjczdJRDdJdGh1ay1iTFFXelhRTXJCb1hOTEZkbjI5b2J3RTdURkFOLTNlb2ppSVpHLUxpVVdEVjJvSzNSU0w4N2l4RlVEVV8xdlk0?oc=5,"Sat, 07 Jun 2025 18:00:04 GMT",2025-06-08
320ab6890c6e8ed753c4d2bbd0c3ebb3,chuva,Horta,Os novos hot√©is e turismos rurais de Portugal - nit.pt,https://news.google.com/rss/articles/CBMihgFBVV95cUxNQmNJM2l2MHNaTXBROTJoV3lqX1VmRUlRWEZLUjQwR0pjQmVVdzdqSnR1R2Etam81TDFOMTJCVERVT2xmcXB4N0xqc0doZ3A1ZWl3MEpfOXNRbXI0TlljWF93aDVzZVdaa3Z2SDJVUXl1bzVEaEQ3R2Y5QUtyaGM4c3hCV0ViZw?oc=5,"Sat, 07 Jun 2025 13:16:41 GMT",2025-06-08
534a114bfc7077a2d68a7b0197b83d9c,chuva,T√°bua,Veja como fica o tempo e a t√°bua de m√°res neste fim de semana em Natal - Natal Em Foco,https://news.google.com/rss/articles/CBMiqgFBVV95cUxPeFpnQ2xOd0JUMC1fNEhOeExkM3FGeC1tQTVQc2ExOWp1T2VVZURFdXYtQ2tZU19TVXJhaUJqdWsxaFVPU2l3aFBHZ0ZwVzNYdGFpakp1QVE3ZFo5VVk1WHZEOEpoOXh4ZW1ycVRiNHV4WGUtZDZ1U3FNVXNLb3QxYThISWdTY3pxRDZwak9meFQyczlGU0JhQTRmR3dIejZhdGFCQ0plcDl2dw?oc=5,"Sat, 07 Jun 2025 10:07:06 GMT",2025-06-08
d920f61ed31c7d08f8c56c67d6bac70a,inunda√ß√£o,S√£o Pedro do Sul,Prefeito de J√∫lio de Castilhos preside reuni√£o extraordin√°ria da AMCENTRO - Alcir 61 -,https://news.google.com/rss/articles/CBMimgFBVV95cUxOeWtrS1hlOFNKSnlqbkRNNUF1MmdJQTdnZWxQYm9xdHM0eXV5em13ZmlLVlp5ZTVtX0lNR3R1azRMZmRaWEpfZTJ4MXVKZTFlblhBcks3U0JvWV9uUmhVdDI2MDctVVNkY2l4ak9QY3hBRmsweHJSSzJlTm9KN1Ewd2tTNThoRFl5LUY0bFFocFhfc19kbUNaQThB?oc=5,"Sat, 07 Jun 2025 10:16:36 GMT",2025-06-08
320ab6890c6e8ed753c4d2bbd0c3ebb3,chuva,horta,Os novos hot√©is e turismos rurais de Portugal - nit.pt,https://news.google.com/rss/articles/CBMihgFBVV95cUxNQmNJM2l2MHNaTXBROTJoV3lqX1VmRUlRWEZLUjQwR0pjQmVVdzdqSnR1R2Etam81TDFOMTJCVERVT2xmcXB4N0xqc0doZ3A1ZWl3MEpfOXNRbXI0TlljWF93aDVzZVdaa3Z2SDJVUXl1bzVEaEQ3R2Y5QUtyaGM4c3hCV0ViZw?oc=5,"Sat, 07 Jun 2025 13:16:41 GMT",2025-06-08
b50ec66ee72a8698de9056790346003d,chuva,crato,Previs√£o do tempo aponta dia ensolarado hoje (08) para Crato (CE) - UOL Not√≠cias,https://news.google.com/rss/articles/CBMijwFBVV95cUxOLVhoT1p2OTR6UUNlYzNDV3hIdnVuUkFkekMzemw3Ykx5dkk3d3dMV0g2MFFVVVgwWXctaUM4U3lKZUh3Vl9MQUpDVU5yOE5ENDI3eXAwbS1nSFBwOHJIRU5rZUlhVmxlVF9KLUY1Szh1X0ptUjJ5Yld6SWplVmtJOHh5dzRJbWJDSEZKbUdmMA?oc=5,"Sun, 08 Jun 2025 05:29:42 GMT",2025-06-08
52d1804b735767db4c009cfcb4d2d55f,chuva,Santo Tirso,"‚ÄòCarrossel‚Äô meteorol√≥gico √† vista. 25 graus hoje, 37¬∫C na segunda e 25¬∫C na quarta. Chuva e trovoada a caminho - O Minho",https://news.google.com/rss/articles/CBMiwgFBVV95cUxOa1V3VVZSQUJ4aGx4MXB3VXZhbWlWSWRjRjFJTzROZUphOEJzUVAzSXVLQTNJazExYU5UMzF3cklZLTRUN0ZlUDUydlpqaFhtQ1Q5b0VHTlFNWkk1MG9KR056UzhBWXBFYkptLW9jMENMTWVELVNKbkF1elVfWkdIVEdNdGEzbzZkRGkycWFxeDFETEMxcTIycE9STEdfNHpURldYcmxvOW91a3VENXZjOXJiek1YS2RRNVVKNE1xYms1UQ?oc=5,"Sat, 07 Jun 2025 09:04:00 GMT",2025-06-08
b50ec66ee72a8698de9056790346003d,chuva,Crato,Previs√£o do tempo aponta dia ensolarado hoje (08) para Crato (CE) - UOL Not√≠cias,https://news.google.com/rss/articles/CBMijwFBVV95cUxOLVhoT1p2OTR6UUNlYzNDV3hIdnVuUkFkekMzemw3Ykx5dkk3d3dMV0g2MFFVVVgwWXctaUM4U3lKZUh3Vl9MQUpDVU5yOE5ENDI3eXAwbS1nSFBwOHJIRU5rZUlhVmxlVF9KLUY1Szh1X0ptUjJ5Yld6SWplVmtJOHh5dzRJbWJDSEZKbUdmMA?oc=5,"Sun, 08 Jun 2025 05:29:42 GMT",2025-06-08
b50ec66ee72a8698de9056790346003d,chuva,Crato,Previs√£o do tempo aponta dia ensolarado hoje (08) para Crato (CE) - UOL Not√≠cias,https://news.google.com/rss/articles/CBMijwFBVV95cUxOLVhoT1p2OTR6UUNlYzNDV3hIdnVuUkFkekMzemw3Ykx5dkk3d3dMV0g2MFFVVVgwWXctaUM4U3lKZUh3Vl9MQUpDVU5yOE5ENDI3eXAwbS1nSFBwOHJIRU5rZUlhVmxlVF9KLUY1Szh1X0ptUjJ5Yld6SWplVmtJOHh5dzRJbWJDSEZKbUdmMA?oc=5,"Sun, 08 Jun 2025 05:29:42 GMT",2025-06-08
24fe376e078716cbb74043c786fe17ee,tempestade,Albergaria-a-Velha,MARIA XVI - terranova.pt,https://news.google.com/rss/articles/CBMid0FVX3lxTFB6NHZhUTJLc00yczdObjlobVR3cGFMNG01Qk1uT0NNS3B3dVRjczdJRDdJdGh1ay1iTFFXelhRTXJCb1hOTEZkbjI5b2J3RTdURkFOLTNlb2ppSVpHLUxpVVdEVjJvSzNSU0w4N2l4RlVEVV8xdlk0?oc=5,"Sat, 07 Jun 2025 18:00:04 GMT",2025-06-08
8e5f7e4433e303fe0470a115221ab28f,chuva,Resende,Previs√£o do tempo aponta dia chuvoso hoje (07) para Resende (RJ) - UOL Not√≠cias,https://news.google.com/rss/articles/CBMiqgFBVV95cUxQX0NqMGNwWmltVTJtcVk0SVNvejYzblRkbS11TmtTeEhKd3dSa0hOZUV2d1kwUDU3VGJtU3BJRG5RRnBmSmJ4UUJhM3FMTEp3OTE2SS1DcVQzSlFlZ0RacVJsVmFVWUxZam5DU0RpVGlzYkVjU2FjSlFod1ZnWDNZQUkxS3I3bFNTMERpMEc5dUpkOHR0YTB4WUxEY3dfVW1Qdmpid1ZmX2Rmdw?oc=5,"Sat, 07 Jun 2025 05:24:42 GMT",2025-06-08
b7f7f1120cccab602d3c9151fe20069e,chuva,ferreira do z√™zere,Um fim de semana entre o Z√™zere e o Tejo - S√ÅBADO,https://news.google.com/rss/articles/CBMiigFBVV95cUxONm96UEx2WVhDeFpJNEpMY1l3TUdfUlVpeGJYdm5QWjRqRFBrWHZMVDkxaDA0LVE1SUVFNk94cmtEX0JabjlWRmpzSDhmMkJfWGRjLVNTdXZBaEJxYlhnUUFoeEtMNTc2eVYxVXFuODlxd2VwdWhzZFZ1eDh1N0tMbXJUS2t3LUdqMFE?oc=5,"Sun, 08 Jun 2025 16:06:16 GMT",2025-06-08
48d17e1180c50633927fa2e3b3e3c999,granizo,palmela,Mulher atacada com √≥leo a ferver pelo namorado em Palmela est√° gr√°vida - Correio da Manh√£,https://news.google.com/rss/articles/CBMisAFBVV95cUxOa2lNMXRsUml3MVhyUFM2VmlvazJWXzJNbmlaOGF5T05aX29wdFZDMndKTmRScG9VTUxKSVNScG1ZbWtQTnN3anRzQU95UExtR3Z1NVZOamV1YklPZ0N6SFljQ043dVJ5MEtNaV9jUS1lcUppTWkzREMxYUpCd0lnZ0ZtUTJkRnJzeUN3dGxSN2NCbVdlS3FkcHJ5MUpudVhDUURPTmNGc0s5bERqek4yNNIBqwFBVV95cUxQMGN1alU1NkFsZ2VuSnZXemE5Sjg3UWFqU1YxeHdLOHRDcWFDWnN0OFhaSEFXcXdMbjRiYnozX3FIa1pZQldHeHRpMHk3OEZnUXFpRnFRSDRfSEF3RmY1ejNVVUZsMExJazgzdVUtTGpIdHAzZ1BRNHh3dnJUb25aQkxxbnhmMnFzX3ZqZDZzek0tT3dKX2tkUFM5RFJlY2hPeXZaTUNvWGdQNlU?oc=5,"Sun, 08 Jun 2025 12:23:00 GMT",2025-06-08
ab97d3cd8e3e97f99757c6a70aa170d8,chuva,amarante,Previs√£o do tempo aponta dia ensolarado hoje (07) para S√£o Gon√ßalo do Amarante (CE) - UOL Not√≠cias,https://news.google.com/rss/articles/CBMivwFBVV95cUxNX2pqZkQxbzJBNS16U1lHVVRKSkNGaFV1MEhaa185eGRJbEJrbWJzUXhwQmhvMFd1WW1WRDlUQ1dqTmFCYk9ldW1DVkhjWTh1MHIySkZuZEJkRjB4RGJiVmRzR0FESXhLS1J2MTY0bmJwSzhkeW1sa2dwQWRIMktrTEljZHhnclZ1MHB5VHRZbUE2SmQ1X1N5a3RqZHRrMFdmWHV5RDZJQTVBallvZzRkNVZXN2Fnd3FvNUc5bEg1QQ?oc=5,"Sat, 07 Jun 2025 05:32:36 GMT",2025-06-08
cf0103697573ef926546d13815f184c6,chuva,amarante,S√£o Gon√ßalo do Amarante (CE) ter√° dia ensolarado hoje (08); veja previs√£o do tempo - UOL Not√≠cias,https://news.google.com/rss/articles/CBMipwFBVV95cUxNbDkzWHhMd2VuVmM3NXQ1S3AxMTNFWDVLYk1OMWRXaUN4VTAwMEJRWURYNGxWY1pPVXkxbzMzbmx4R0txbDZ6RnVGWlJab1ZFZHlYckhLaThGdm96eXY2cmhmb0l6cndTbThNaXhsbWMtNVNmM2QxN0lta1RuWl81STVDRnVhMHg3RkYzbjdkUEQ1bDcwOExaX0JUamJFaUw3TURxSEVvbw?oc=5,"Sun, 08 Jun 2025 05:37:58 GMT",2025-06-08
ac865ccf77b607be3e903c01d948ddae,granizo,Guimar√£es,IPMA prev√™ aguaceiros com queda de granizo e trovoada para amanh√£ e feriado 10 de Junho - O Amarense ‚Äì Jornal,https://news.google.com/rss/articles/CBMirgFBVV95cUxObnBoRVV1b1R0ZHNmUnd3WDdsUk5RWElGdlV3clN3LXdwOWI3enFqeDJXVHV1b2xDVTM1Zkd6VEtEeDJZQlpValpRYjRuWlgyeUFfY2JTRlNlNGFWTXZhdFNpZ2lMU3ZKSUVjeHpYQ2JTQlBWZjV3X0pCNnN4M0FPWVRYY0pUT1dhc2pYSlJiUUVtYk1kbF9yQ1lDLU9RZHQ2YXBVdXQ3ZzZaSlplT1E?oc=5,"Sun, 08 Jun 2025 17:28:00 GMT",2025-06-08
b50ec66ee72a8698de9056790346003d,chuva,Crato,Previs√£o do tempo aponta dia ensolarado hoje (08) para Crato (CE) - UOL Not√≠cias,https://news.google.com/rss/articles/CBMijwFBVV95cUxOLVhoT1p2OTR6UUNlYzNDV3hIdnVuUkFkekMzemw3Ykx5dkk3d3dMV0g2MFFVVVgwWXctaUM4U3lKZUh3Vl9MQUpDVU5yOE5ENDI3eXAwbS1nSFBwOHJIRU5rZUlhVmxlVF9KLUY1Szh1X0ptUjJ5Yld6SWplVmtJOHh5dzRJbWJDSEZKbUdmMA?oc=5,"Sun, 08 Jun 2025 05:29:42 GMT",2025-06-08
be417cce483ab87355b000c778b94bbd,granizo,mira,Jovem de 17 anos desaparece no rio em Odemira ap√≥s mergulho - Correio da Manh√£,https://news.google.com/rss/articles/CBMiqAFBVV95cUxPQ2dOVkJORVFQOWVlYzhRM2sxeU1kMlR6WDhpYlZZTW8xY1I2YVk0TEpLTFB1TVJoWUw4M3czX0NfRGN0bTJVbDh3Q2I1b0FBankteVFDQjdLZ0pmZVQxa3FycEwzYVZUeHNKWkxDcFNBUEc4RzJ4NTFFNUtsQ0hyU29fNUpOYXhxZzRBb1FoZW11TVh0SFR5NC1weF9DWmRqX29Scmd1N3PSAaMBQVVfeXFMTzlGcHhqODZZM2NVMEhFbTJTUlA3NmszUGJWQXY3YXd1aW5vM09sbnFZOTQ0WkNxQnZZOURfTy1HZ1V5TEZaWHhzMmJYQk1lNUp3MnEwTGFDNGh5Y1BFcjZPb3Z1d3plLVFfVzVOMHV6dHJFd0Y3RGt3RDZwc0RHMFUzclVic2laSE03R3hCUm0tNEtEX2Fmb0ZfOUVKOG5UeEpHTQ?oc=5,"Sun, 08 Jun 2025 17:57:00 GMT",2025-06-08
cae14aac98a4918add67a273dad0df23,chuva,Porto,"""Vamos sempre fazer chover dinheiro"": An√≠bal Pinto apresentou candidatura √† C√¢mara do Porto com chuva de notas - Expresso",https://news.google.com/rss/articles/CBMijwJBVV95cUxPcFlfNDhTMkE3NzY2cXZpNWEyc2taZVRuTnBESlRXVWk0UUxpaENhTzI3bENXSUNNODBOTmhZNmFZZWpTekV6eW03YWo0NzJnZ1pkSzRGUmVUZWlHNDBfNHB3Mm4zd2hVem50bUZyMGFZd0pGZXZlYkpoVVBfZkJZLTRzTUthVndYcXFLTEpfMVlZQ2pWZjhCZkhaUXRfUUJlVzRzVFJ0ZVdlSllIamludVZuRDZYQXA1OGRDUm0zci1BMkVRZElkV2RtenFaZ3RLMlRiUEU2cUtZQ3NqdzNrMDBpYll0dGRONTVDejVBcWVxMi1NbWg0NFF4XzBqRDJXYmozTlB5R0c0MFZGeXlB0gGUAkFVX3lxTE5pdkJDNFpNdjl2WExvZWlNWFJsMWVfeE8xeklic1RGdkkyVDB2ZTVBdktmOTdoREZnTGdEU0VpbFdZSjFqN0ZzS0haYmgxX3BFanFPMEYxTmUtYTktWmJwNXFCcUtfQXh0TnE2OEl0N2wtSTU1czB4MVZ5WU9kVTdOcndoZFNiN0lIa3NKODVFR0xQbEktMHhWN21OUTZzOWZHZGxlcVNhUXpvVjBNTF9TbEdKVmhLc0ZaaDRrMm9lSHpPQVg4WHNPeGRYSEhTS2pRNXplTWpKb1pMYjBpazVxcFRPeEJ5eDNVd3k2Zk5WZmtiWUVuT0RGZDhjNkRfV3NRVTlMNGtwUGEzNm9lcjJhczhIWA?oc=5,"Sat, 07 Jun 2025 20:24:37 GMT",2025-06-08
ac865ccf77b607be3e903c01d948ddae,granizo,terras de bouro,IPMA prev√™ aguaceiros com queda de granizo e trovoada para amanh√£ e feriado 10 de Junho - O Amarense ‚Äì Jornal,https://news.google.com/rss/articles/CBMirgFBVV95cUxObnBoRVV1b1R0ZHNmUnd3WDdsUk5RWElGdlV3clN3LXdwOWI3enFqeDJXVHV1b2xDVTM1Zkd6VEtEeDJZQlpValpRYjRuWlgyeUFfY2JTRlNlNGFWTXZhdFNpZ2lMU3ZKSUVjeHpYQ2JTQlBWZjV3X0pCNnN4M0FPWVRYY0pUT1dhc2pYSlJiUUVtYk1kbF9yQ1lDLU9RZHQ2YXBVdXQ3ZzZaSlplT1E?oc=5,"Sun, 08 Jun 2025 17:28:00 GMT",2025-06-08
6037fce3f3e5c41a86f314e519d952de,granizo,terras de bouro,Terras de Bouro. Comunidade de Rio Caldo assinala Santo Ant√≥nio - O Amarense ‚Äì Jornal,https://news.google.com/rss/articles/CBMijAFBVV95cUxOYmYteUMtTU5YN2RHbmRXcHhFTjFuLWpsbWJaZFdtdFl5TkxwQ2JuMUpITXEzd0RHZ0lYOEFJamVJQVJlcnppVW00ZWtPZWZpUmFLNGRnQS01ZzNpQjJKZnhTS0x5MHdkVV9zUjhyOXRtM1NPTHFVZ25DQXpEc2JPUGdkSGlXNTZmU2huRA?oc=5,"Sun, 08 Jun 2025 19:43:00 GMT",2025-06-08
ceba21a33585ddfafeeb6a8a527b328e,granizo,odivelas,Militante de extrema-direita detido pela PSP por apologia ao √≥dio em Odivelas - Correio da Manh√£,https://news.google.com/rss/articles/CBMiugFBVV95cUxPRHlmc0FrcVlKTVB0VmU3R2p2MzRIVHpvQlRidTVzQlBGNkQtcjF1eERjZXFIa3NraHZsNVZRMzhLV2VnNUE2WHg3cnItek1ONUNMTTBvX3BPT01seVFsd053TUZqVHRLUWdMUkxUSDhZTFhVcHBRa25SWXd1QXNlclA1M01FVU1lWTJhTDU4eXFWODVrdldxR2E0S0t4SUwyR3BWTFNrbkdBV3NadW91aWtvb0JLOThFRXfSAbQBQVVfeXFMUDJ3QVhDVno5Nm5UYTYwMmxqVmxDVnBGRVh4SGpzVU9oVkd6SldfNW14Mk5paEI4elJPLWROZ3VTZTY5SjQ2Q0RJWW9zVzB0SWh6X2ZpaTVDYXlqYTJ6NU1IV1IwcHBJM1NhX3U5NWlRajBneDZIRjVfYUdNRHlxUUVEenJoZ25rMEl3dHlESjlNQk0yWnpERlVSNk90d2VXMGRUWlJqck5HX2VvanlsaGJGQ1c2?oc=5,"Sun, 08 Jun 2025 15:10:00 GMT",2025-06-08
e2e94df2eb389e0f61a239ebd40b958d,granizo,moimenta da beira,Inc√™ndio em armaz√©m provoca morte de 19 animais em Moimenta da Beira - Correio da Manh√£,https://news.google.com/rss/articles/CBMirgFBVV95cUxOdjJBeDkzTHNfUUZubzJVX1pQUFRqVkZ6cXVDZzdjdFFwcHNrX01aSkExTC04Y2dxOGVYc2ltSFZTYU5WMTBSd19RWUIxczRPbzUzWjg5QWZhazR3QUJYYUluWnRQRlE5bEFrWTBLNDM2VF9JX0FZTUhCN3ZQcVlPYnBxQmpXbU1MOFp6X01GYUxZY0pzdDZVVk5xblRsR3NRSE10bHFnMVJoT0pfbkHSAagBQVVfeXFMTnhFOG1LUXlPZmQyOUt3VkFMa08xT0pwTXVfRWdQa1BzbEg2OWluRmVveGdJNnpYWHhJUUdjZEVwYng5Y1NsWW5hS2RBOFhvazI1eHhsOFRHWm5Wb05BTk5Fa3FkWmlQMXllelpJeS1rLW81Rm9fNjI2NnpFUG1FUExRTmo2S3dOZ0dpOVdzbnBJWU1pWGtfRmVodXJpSzVjQXNIejZ3LTFS?oc=5,"Sun, 08 Jun 2025 13:53:36 GMT",2025-06-08
89e427981cb1ad81b2339781f62ecf98,granizo,albufeira,J√° tem planos para o feriado? Previs√£o √© de aguaceiros com queda de granizo e trovoada para o 10 de junho - Correio da Manh√£,https://news.google.com/rss/articles/CBMi5wFBVV95cUxOSmRLTjZGek95eG0zYXVRR1FBczJuRzVlQ3c3MS1mdWtUYnRBLTBYYzBIb0JZNlhxQjVXdVZycTk2UW11UGlWTVRxRXY3UXRtclJHeU9kcVk5MDRqMXlsSzBxbk1wUXRaN3c4Nms0YzdZLWFNMi1aQTNlVTFpZl9uT2kzU3dkQkxTLWl0NXZRdmxFVWxpM2c3dUNVS2JYbTZfdFVzU1p0ZTgxbWl3SHpQMFNISzNDNl94T25IdjJETk45ZG5BZ0E3MW1rZThWejgxVXJjdHlobDZrd2lyNGRQcGxNMHRCMlnSAeIBQVVfeXFMTU9hT1ZIQUtNUXQ2bjVNdEN3S213OVFoQXgwV3psSEJUMjlsNmdzeGVQbFhObklVR0hWdFFYTENlaDdtWWY5UUtRR003V3hSVVNJdmI5SlpqQjluLXNndmpkeWU3eTlSdWNFUmdScGUzNVdQWWdSbHpGc0N3LXNZdEJNZTNXbEc3SHRYWHpkZGs3cG14aTBaSzNMZDRQU3FPV0F6cjVtYldYNGlCLXVJT2xjZ0FQaDBrN19yaTFFY19vM1dLaHFoSFlkSFFYWXJ6aXBJXzBKajJUTDZJTU12XzI4dw?oc=5,"Sun, 08 Jun 2025 17:08:00 GMT",2025-06-08
0b0f67be9632ccdd56557f8d25704091,granizo,Campo Maior,"Tempo severo, com fortes trovoadas, risco de granizo grande e at√© tornados - potencial tempestade no Dia de Portugal, 10 de junho de 2025 - Luso Meteo",https://news.google.com/rss/articles/CBMifEFVX3lxTE5EZWUzbV9sb3FrWmpxN0NkRkpKX3pLM0xxVjJzZEtfR2Roc09Gek5HaU9HNlJsQTF5ZU1fZGh3NXNhb0FLa2FVVUMxYnZXdTB4WVlZRThwNzRMamtfQURjS2d1RmVLN09Cb2FzbE01VDNoSjNZV0tLakJpSVk?oc=5,"Sun, 08 Jun 2025 10:29:42 GMT",2025-06-08
8fe8825ce3253d1b4a6412ddc041f626,cheias,√≥bidos,"Antigo antiqu√°rio, foi neste bar em √ìbidos que come√ßou a tradi√ß√£o da ginjinha - Expresso",https://news.google.com/rss/articles/CBMihwJBVV95cUxOenFpVWN3eHBpR0NJQUdtVHVUd2N4U0Vxekdwd2VRanVhenFtRGpBamp2RWVqRDdoMmFDeWppczV1UEdjbExWcFJZU0pFS0x2MEFfa1Z0cFM4LTBmTHNRNC1fUFFUU3VHRWtia0R3TkdiVEQ0YTRNVVlfZlJHclhJOUZaeThrMkhaZGhMRERac3VaQTVjeEJfR1ZEZnBqcVdHdEZ6RHEyNEpPVVhYdDVEdU1ZUk95RVU5Wkx6Qk5UTW5yVEJDendmQmJSeGhFQVZmcEdNbmdFUUFuX3JUU2ZxUDBQWlJ4UUJDWTNuV1o4RldBNVd5b2F0TUlydDNhRkNBR2JwbHE4Y9IBjAJBVV95cUxObXFJbC14VUVOMXloQVRVV05mLUt6UVNpMzFNYUx1R0dLaGJWTTkwdnZpNlRaZzRNY0V4OE5QMXp0WEhTanNRQkZFRU1paS1STlRWU1ZDYncwRXlHbXota1FxbGhpRUhldnZXbXBmSkU1c2NjRHAyQl82SmUyZG9NUTd6RUUzaklMLXRLRkVETDE5QkZqanE3LTFtdlRMVW85cWxCR2JTdzJWQ0JQLXNhN21EX1VhQTNnYW55Vkk2OXNzSEktNFRIb3l1RXZQX29uMW8tU09tRTA5czduSFRnMGV6X2tyamRIR2N1TlRnUzU0SGx1VEpQM0tZdjlsN3dlZFJUdldhU2VDSlIy?oc=5,"Sat, 07 Jun 2025 15:46:09 GMT",2025-06-08
ac865ccf77b607be3e903c01d948ddae,granizo,Terras de Bouro,IPMA prev√™ aguaceiros com queda de granizo e trovoada para amanh√£ e feriado 10 de Junho - O Amarense ‚Äì Jornal,https://news.google.com/rss/articles/CBMirgFBVV95cUxObnBoRVV1b1R0ZHNmUnd3WDdsUk5RWElGdlV3clN3LXdwOWI3enFqeDJXVHV1b2xDVTM1Zkd6VEtEeDJZQlpValpRYjRuWlgyeUFfY2JTRlNlNGFWTXZhdFNpZ2lMU3ZKSUVjeHpYQ2JTQlBWZjV3X0pCNnN4M0FPWVRYY0pUT1dhc2pYSlJiUUVtYk1kbF9yQ1lDLU9RZHQ2YXBVdXQ3ZzZaSlplT1E?oc=5,"Sun, 08 Jun 2025 17:28:00 GMT",2025-06-08
6037fce3f3e5c41a86f314e519d952de,granizo,Terras de Bouro,Terras de Bouro. Comunidade de Rio Caldo assinala Santo Ant√≥nio - O Amarense ‚Äì Jornal,https://news.google.com/rss/articles/CBMijAFBVV95cUxOYmYteUMtTU5YN2RHbmRXcHhFTjFuLWpsbWJaZFdtdFl5TkxwQ2JuMUpITXEzd0RHZ0lYOEFJamVJQVJlcnppVW00ZWtPZWZpUmFLNGRnQS01ZzNpQjJKZnhTS0x5MHdkVV9zUjhyOXRtM1NPTHFVZ25DQXpEc2JPUGdkSGlXNTZmU2huRA?oc=5,"Sun, 08 Jun 2025 19:43:00 GMT",2025-06-08
f032584a41f9605738cccc21cd1d4d4c,granizo,Oliveira de Azem√©is,Dois feridos em colis√£o em Oliveira de Azem√©is - Correio da Manh√£,https://news.google.com/rss/articles/CBMikAFBVV95cUxQWGl1ZW1za3ozOGE1X3ZCMU54dVpWeDA4cjk1ekxleXFhYXlwUkxVdktyNVNjamZzb1VXdmNfVlRfWUR3ZzNMczRqOXlVRWhremZ5QzNXMGQ3aW9ydGthYnBFQlU3ODI3U1JHS3l5bGtrelRvV1BaeVlSUzkwcERnakR4MC01amlnbjRodkZZQjbSAYsBQVVfeXFMT20xaHdfUGcxZkZONHI0dmJkd3hPRE1WOG1mZjh0Z3dPeHNNRndrTmx4MnBVWmxHcUtqTEstM1E0cFJkaHhzU0tCYnFuTGNia1RnVW93ZUFMVUZXZV9BQ0M5X3hIMkpkV1BEbFV4d2dPYXdVeVZZQWhJZHE3dEVOTzJlWEVlQm5vS2ZSUQ?oc=5,"Sun, 08 Jun 2025 20:06:11 GMT",2025-06-08
8524493c4d4e41300812d9a78f109df6,granizo,Albergaria-a-Velha,Carro cai ao rio em Albergaria-a-Velha - Correio da Manh√£,https://news.google.com/rss/articles/CBMihgFBVV95cUxOYWt4R0pSamhSajF5UGFNUnIwaUpRRHAwWHRUT1lGdlhKeS1SaDJSa1BwMWN4Si13aEV1MlZFTmFZMTlXMURQaXRIejRkWGwwSmY4MktHZER6Q3RhRGFraFpMOGRxTEJKVGphZDhIUzVMcmZhVElSbnVCNmNSWnRPWVFKaUoxQdIBgAFBVV95cUxOTnVXb3RxQk1EcUxpTkhaS3owLVVPc0M4dC11MFNpdmdKX2c1WTgzZHZab01OcHFPbUtJbV9NZUJKVlN3WmpGWGZDNkJiNEZXRHVwamkwVF8xNm1ZR0R5R21Oa3lweVhfaEZEM01PZjVFSXNpUmRUd3lWYzktSF91UQ?oc=5,"Sun, 08 Jun 2025 18:01:56 GMT",2025-06-08
be417cce483ab87355b000c778b94bbd,granizo,Mira,Jovem de 17 anos desaparece no rio em Odemira ap√≥s mergulho - Correio da Manh√£,https://news.google.com/rss/articles/CBMiqAFBVV95cUxPQ2dOVkJORVFQOWVlYzhRM2sxeU1kMlR6WDhpYlZZTW8xY1I2YVk0TEpLTFB1TVJoWUw4M3czX0NfRGN0bTJVbDh3Q2I1b0FBankteVFDQjdLZ0pmZVQxa3FycEwzYVZUeHNKWkxDcFNBUEc4RzJ4NTFFNUtsQ0hyU29fNUpOYXhxZzRBb1FoZW11TVh0SFR5NC1weF9DWmRqX29Scmd1N3PSAaMBQVVfeXFMTzlGcHhqODZZM2NVMEhFbTJTUlA3NmszUGJWQXY3YXd1aW5vM09sbnFZOTQ0WkNxQnZZOURfTy1HZ1V5TEZaWHhzMmJYQk1lNUp3MnEwTGFDNGh5Y1BFcjZPb3Z1d3plLVFfVzVOMHV6dHJFd0Y3RGt3RDZwc0RHMFUzclVic2laSE03R3hCUm0tNEtEX2Fmb0ZfOUVKOG5UeEpHTQ?oc=5,"Sun, 08 Jun 2025 17:57:00 GMT",2025-06-08
ac865ccf77b607be3e903c01d948ddae,granizo,guimar√£es,IPMA prev√™ aguaceiros com queda de granizo e trovoada para amanh√£ e feriado 10 de Junho - O Amarense ‚Äì Jornal,https://news.google.com/rss/articles/CBMirgFBVV95cUxObnBoRVV1b1R0ZHNmUnd3WDdsUk5RWElGdlV3clN3LXdwOWI3enFqeDJXVHV1b2xDVTM1Zkd6VEtEeDJZQlpValpRYjRuWlgyeUFfY2JTRlNlNGFWTXZhdFNpZ2lMU3ZKSUVjeHpYQ2JTQlBWZjV3X0pCNnN4M0FPWVRYY0pUT1dhc2pYSlJiUUVtYk1kbF9yQ1lDLU9RZHQ2YXBVdXQ3ZzZaSlplT1E?oc=5,"Sun, 08 Jun 2025 17:28:00 GMT",2025-06-08
064274870f0b5fde2dd14a503b96867b,granizo,sintra,Detido por atirar tijolo e partir m√£o a agente da PSP de Sintra - Correio da Manh√£,https://news.google.com/rss/articles/CBMipwFBVV95cUxPZHpGNk1BZnBWUF9XTFRRNmt4WEZnSWhLMUxxTlNuRm94UFByWGtHclVBTXJmQ2N3WTZ3OFZablBDekN5djE2RzJCZjNTcENFaXJtWkFlM0JicTZHYXpwN3NwbDZ6WTVxbXNMRUwyZDA2RmZHQVR5Vy1PaEliQ3VCcEtMV1lZbVluODV0eUE5SkdVRTdNclYwQTRNVWZCWjBQTk41UG9YQdIBogFBVV95cUxPX1NIUnh1RUh5TUNMNlNFTGxoNjlmTmJDeGQ2d3ZzdzBVdGdjQndPT3FOMFNMeHRNVlpxNU5ZSUdXOTZ6MkdjcGZBMEpSTDdRb3pzXzExUzRaM1RWNnN5M0YzMDJEOFdZVzhSbFZ2WGtPUEFVa3NuZnJWMFdOOER2eE9MdFBxbFYyZXBEYzdFbFVmSWlOTzQ0SEVSMXVZN2JmZEE?oc=5,"Sun, 08 Jun 2025 11:22:00 GMT",2025-06-08
f93ce98b82d36e1eb970b4ec58a16cc2,cheias,Faro,Casa cheia em Faro na vit√≥ria das √°guias - Liga Portugal,https://news.google.com/rss/articles/CBMihgFBVV95cUxOVDFuOUlLaU1QUEZQSEN0VU0zMUN0MEF1RTlNRmFCM3JyWjh6clZFNG1VVjdVM0xGSDRlZTY0VVlVVmhheGdRQ3FwaFdER2V2NFV1TEUwaXlncU52WURhLTV0cEtMMnY5M09tWk9wVl9RcUJfQlJoRVZJUnVGeEFTQ0JBQ21wQQ?oc=5,"Sun, 08 Jun 2025 06:44:22 GMT",2025-06-08
2f2e744b8e4f139162fed93c4c70d6f7,granizo,Loures,Agente da PSP agredido por autor de vandalismo em Loures - Correio da Manh√£,https://news.google.com/rss/articles/CBMingFBVV95cUxONl9yQVp1U21EbWdSTGtCckZ5UGdONTY2LUEtTmlVclVTYlpCclF0Q3V4cmhSUjNmQ0JDdExIMFdST2V2aDdCUl9jUm1lYnFNdlVIY1NXQ3AzMV9ZRXRJZzlxdTlRWFo2aGFVLWZOcFJ2NEJ1b2pOYkhoTXRnSzZjSXlkMVRNUkZuM2RjRXFnYktYaXkybHROM1p5RTdGZ9IBmAFBVV95cUxOcHZWaThhaExia3ZVVzhfNXlnV1lXWjVBRGNvVm5RV3M5TDV0UWNIcUkya3JjTmpPSDJjSDNnWTZydktPMzNmVkFqTkFFcXAydkQ1SDBuTUdORHVSWmVYTnMwamE2M0JXWElEazJ4cDBoMHdFYnp6TWd4U0RPOWZ6NUVsaDVsXzVOOTQ5ZmRtSEt5SllSaHMzbw?oc=5,"Sun, 08 Jun 2025 10:37:30 GMT",2025-06-08
be417cce483ab87355b000c778b94bbd,granizo,Odemira,Jovem de 17 anos desaparece no rio em Odemira ap√≥s mergulho - Correio da Manh√£,https://news.google.com/rss/articles/CBMiqAFBVV95cUxPQ2dOVkJORVFQOWVlYzhRM2sxeU1kMlR6WDhpYlZZTW8xY1I2YVk0TEpLTFB1TVJoWUw4M3czX0NfRGN0bTJVbDh3Q2I1b0FBankteVFDQjdLZ0pmZVQxa3FycEwzYVZUeHNKWkxDcFNBUEc4RzJ4NTFFNUtsQ0hyU29fNUpOYXhxZzRBb1FoZW11TVh0SFR5NC1weF9DWmRqX29Scmd1N3PSAaMBQVVfeXFMTzlGcHhqODZZM2NVMEhFbTJTUlA3NmszUGJWQXY3YXd1aW5vM09sbnFZOTQ0WkNxQnZZOURfTy1HZ1V5TEZaWHhzMmJYQk1lNUp3MnEwTGFDNGh5Y1BFcjZPb3Z1d3plLVFfVzVOMHV6dHJFd0Y3RGt3RDZwc0RHMFUzclVic2laSE03R3hCUm0tNEtEX2Fmb0ZfOUVKOG5UeEpHTQ?oc=5,"Sun, 08 Jun 2025 17:57:00 GMT",2025-06-08
ed058b2d3931700cd07cb485968c220d,granizo,penafiel,Homem de 50 anos morre ap√≥s ter sido violentamente agredido em Penafiel - Correio da Manh√£,https://news.google.com/rss/articles/CBMisgFBVV95cUxNT2N3RU1hLWUtODhSb3JlWVQ2Q3U4SEx5Zi1jN05aVi1HVlhXb0twb2o5aDlkRkJUMmU2YjdEYldJQWRqbTU2S29ZZXJJMUFmd2dINVRoSnc0b1N1TExCMi1ua1d2M2pLOWFQNVlCeHV5NGh4MkVzVTJKZHpaaHNQdzBRdHFkOGNKdEc3YU1TN00yakg5ZHNMVXZGU2o0YzBtQzZ0b21hRm1jeTZLSFVXQzdn0gGsAUFVX3lxTE1IeFZWWW1pYUYyN29BR2I3cE5YWlFvRWhBYlRvN2paczkxNUVvX2xELWxnYmZhVWk2ZmNOOWdEeDR5VTNlSm1zd1VZYTlGLXlDRzMySUZMV0d3eHVuZ09CY0pHamFVXzc5Wms5Z2RCdFZrUnZySnVVVUthMXlpQnVMZndRVVhNM2l1dl9NckVXUmFhM3o2ejJMNkNvQnZHZjRHRGZvYjlyUWlGUnA?oc=5,"Sun, 08 Jun 2025 09:44:00 GMT",2025-06-08
85dade28a2bbf0f4b99a9cc1a4083a72,granizo,vila nova de famalic√£o,Homem morre colhido por comboio junto √† esta√ß√£o de Vila Nova de Famalic√£o - Correio da Manh√£,https://news.google.com/rss/articles/CBMitAFBVV95cUxPOG1tUkhuWVJJeWtCY3Q5U0oyX0puU05nSEdmaU1SejRQQ04zeUU1UW55d3V5dXFPbUJjTFhQZGx0N3RZRnhiUGVBeFBzRHZPQW9DamY4TmZrQ2VqbHhCeW9nbDFER0wyNWpiN2drV2RTLTNUaVFQeVBUN3RSeEdmQnRMc1FZVlZROWRfOTB5aVlZelhmYmFhVEZRYm0xRE4xYnlBLU4xMWZJQ1M4Ym56N0Y3d3LSAa8BQVVfeXFMUHo2R3dqSDdmNVZBV0xWZ0Z4WU12VFR4S1F0TElNYTJ1XzNhQ2hadlAwZW42TE05WjBpT1g2Q0NEa2lRczB0RzZYejVLekNIeGFrcEpERTFTbmQ2V0hubWdtZDZvYnRhMFNyN2FSM0hvUlVtTFVIYzVveVd0dGFrRGpyY0pVVFhlbXJLVzI2UVhka1FEVmZsSUk5NXBLUkFEVTdGMkk0R0llVmMycVVUUQ?oc=5,"Sat, 07 Jun 2025 18:51:59 GMT",2025-06-08
ceba21a33585ddfafeeb6a8a527b328e,granizo,Odivelas,Militante de extrema-direita detido pela PSP por apologia ao √≥dio em Odivelas - Correio da Manh√£,https://news.google.com/rss/articles/CBMiugFBVV95cUxPRHlmc0FrcVlKTVB0VmU3R2p2MzRIVHpvQlRidTVzQlBGNkQtcjF1eERjZXFIa3NraHZsNVZRMzhLV2VnNUE2WHg3cnItek1ONUNMTTBvX3BPT01seVFsd053TUZqVHRLUWdMUkxUSDhZTFhVcHBRa25SWXd1QXNlclA1M01FVU1lWTJhTDU4eXFWODVrdldxR2E0S0t4SUwyR3BWTFNrbkdBV3NadW91aWtvb0JLOThFRXfSAbQBQVVfeXFMUDJ3QVhDVno5Nm5UYTYwMmxqVmxDVnBGRVh4SGpzVU9oVkd6SldfNW14Mk5paEI4elJPLWROZ3VTZTY5SjQ2Q0RJWW9zVzB0SWh6X2ZpaTVDYXlqYTJ6NU1IV1IwcHBJM1NhX3U5NWlRajBneDZIRjVfYUdNRHlxUUVEenJoZ25rMEl3dHlESjlNQk0yWnpERlVSNk90d2VXMGRUWlJqck5HX2VvanlsaGJGQ1c2?oc=5,"Sun, 08 Jun 2025 15:10:00 GMT",2025-06-08
2f2e744b8e4f139162fed93c4c70d6f7,granizo,loures,Agente da PSP agredido por autor de vandalismo em Loures - Correio da Manh√£,https://news.google.com/rss/articles/CBMingFBVV95cUxONl9yQVp1U21EbWdSTGtCckZ5UGdONTY2LUEtTmlVclVTYlpCclF0Q3V4cmhSUjNmQ0JDdExIMFdST2V2aDdCUl9jUm1lYnFNdlVIY1NXQ3AzMV9ZRXRJZzlxdTlRWFo2aGFVLWZOcFJ2NEJ1b2pOYkhoTXRnSzZjSXlkMVRNUkZuM2RjRXFnYktYaXkybHROM1p5RTdGZ9IBmAFBVV95cUxOcHZWaThhaExia3ZVVzhfNXlnV1lXWjVBRGNvVm5RV3M5TDV0UWNIcUkya3JjTmpPSDJjSDNnWTZydktPMzNmVkFqTkFFcXAydkQ1SDBuTUdORHVSWmVYTnMwamE2M0JXWElEazJ4cDBoMHdFYnp6TWd4U0RPOWZ6NUVsaDVsXzVOOTQ5ZmRtSEt5SllSaHMzbw?oc=5,"Sun, 08 Jun 2025 10:37:30 GMT",2025-06-08
36342756130b3eed97bd97b24ce114f8,granizo,almeida,O mapa mostra os estados sob o tornado amea√ßando como granizo em forma de abacaxi - metropolitanosc.com.br,https://news.google.com/rss/articles/CBMizgFBVV95cUxPYXlRS1dzSVlQcnQ0MFpGNHFyZ0FVQWx5ZHVWRkxCZDdSaXZ4X2RKOGs2WUdVZlZLTG9OdEx2YWhxMDZhZUV6RE0wdnNzTW9iM0dBaHpuYjVOU3RSckRrbVdjNzNud2VJZTFBRG5JbnpCbGt2a1JERmZXVXBzZk1HRHVIRlVYTVRjd0pIYlc3dmtsbklPVDNlczhwdGFyWlgxeGdiUUJ2YmdkMXRySkVQcUFhMlFfZmVCR09vRzI0c20yVTlwdUFwU1NDc2x5QQ?oc=5,"Sun, 08 Jun 2025 09:27:59 GMT",2025-06-08
85dade28a2bbf0f4b99a9cc1a4083a72,granizo,vila nova de famalic√£o,Homem morre colhido por comboio junto √† esta√ß√£o de Vila Nova de Famalic√£o - Correio da Manh√£,https://news.google.com/rss/articles/CBMitAFBVV95cUxPOG1tUkhuWVJJeWtCY3Q5U0oyX0puU05nSEdmaU1SejRQQ04zeUU1UW55d3V5dXFPbUJjTFhQZGx0N3RZRnhiUGVBeFBzRHZPQW9DamY4TmZrQ2VqbHhCeW9nbDFER0wyNWpiN2drV2RTLTNUaVFQeVBUN3RSeEdmQnRMc1FZVlZROWRfOTB5aVlZelhmYmFhVEZRYm0xRE4xYnlBLU4xMWZJQ1M4Ym56N0Y3d3LSAa8BQVVfeXFMUHo2R3dqSDdmNVZBV0xWZ0Z4WU12VFR4S1F0TElNYTJ1XzNhQ2hadlAwZW42TE05WjBpT1g2Q0NEa2lRczB0RzZYejVLekNIeGFrcEpERTFTbmQ2V0hubWdtZDZvYnRhMFNyN2FSM0hvUlVtTFVIYzVveVd0dGFrRGpyY0pVVFhlbXJLVzI2UVhka1FEVmZsSUk5NXBLUkFEVTdGMkk0R0llVmMycVVUUQ?oc=5,"Sat, 07 Jun 2025 18:51:59 GMT",2025-06-08
064274870f0b5fde2dd14a503b96867b,granizo,Sintra,Detido por atirar tijolo e partir m√£o a agente da PSP de Sintra - Correio da Manh√£,https://news.google.com/rss/articles/CBMipwFBVV95cUxPZHpGNk1BZnBWUF9XTFRRNmt4WEZnSWhLMUxxTlNuRm94UFByWGtHclVBTXJmQ2N3WTZ3OFZablBDekN5djE2RzJCZjNTcENFaXJtWkFlM0JicTZHYXpwN3NwbDZ6WTVxbXNMRUwyZDA2RmZHQVR5Vy1PaEliQ3VCcEtMV1lZbVluODV0eUE5SkdVRTdNclYwQTRNVWZCWjBQTk41UG9YQdIBogFBVV95cUxPX1NIUnh1RUh5TUNMNlNFTGxoNjlmTmJDeGQ2d3ZzdzBVdGdjQndPT3FOMFNMeHRNVlpxNU5ZSUdXOTZ6MkdjcGZBMEpSTDdRb3pzXzExUzRaM1RWNnN5M0YzMDJEOFdZVzhSbFZ2WGtPUEFVa3NuZnJWMFdOOER2eE9MdFBxbFYyZXBEYzdFbFVmSWlOTzQ0SEVSMXVZN2JmZEE?oc=5,"Sun, 08 Jun 2025 11:22:00 GMT",2025-06-08
c366ee4520f6f6e158f21062a620f623,cheias,Montemor-o-Novo,"T√©nis: Matilde e Francisca Jorge choraram e rejubilaram por raz√µes diferentes - Guimar√£es, agora!",https://news.google.com/rss/articles/CBMiygFBVV95cUxOcGtJNTg3QXE1WHBqMFQ2TXFqY3VkTTJqeG5obDhXMU9IUnJTb3N3THZWVDNKY2pSSlAtVV96eGljVkU0WFhDWDlSdG9CS2tISEd2a1h0YlN5YWxoYnhubjZCaGdwS3Uwc194NUV0UVliMlRQMjBEaUtVR2xfQk1qUDA2MGoyTGlvYU9wX3dfODRObU9sOTFhdnloMW5ZZ1B6SmMwM2ctbHhIVmJUNnlnNm1iV0pEWEZwQUtLMXVsdGh2OEdKbTMxX2xR?oc=5,"Sun, 08 Jun 2025 14:00:21 GMT",2025-06-08
be417cce483ab87355b000c778b94bbd,granizo,odemira,Jovem de 17 anos desaparece no rio em Odemira ap√≥s mergulho - Correio da Manh√£,https://news.google.com/rss/articles/CBMiqAFBVV95cUxPQ2dOVkJORVFQOWVlYzhRM2sxeU1kMlR6WDhpYlZZTW8xY1I2YVk0TEpLTFB1TVJoWUw4M3czX0NfRGN0bTJVbDh3Q2I1b0FBankteVFDQjdLZ0pmZVQxa3FycEwzYVZUeHNKWkxDcFNBUEc4RzJ4NTFFNUtsQ0hyU29fNUpOYXhxZzRBb1FoZW11TVh0SFR5NC1weF9DWmRqX29Scmd1N3PSAaMBQVVfeXFMTzlGcHhqODZZM2NVMEhFbTJTUlA3NmszUGJWQXY3YXd1aW5vM09sbnFZOTQ0WkNxQnZZOURfTy1HZ1V5TEZaWHhzMmJYQk1lNUp3MnEwTGFDNGh5Y1BFcjZPb3Z1d3plLVFfVzVOMHV6dHJFd0Y3RGt3RDZwc0RHMFUzclVic2laSE03R3hCUm0tNEtEX2Fmb0ZfOUVKOG5UeEpHTQ?oc=5,"Sun, 08 Jun 2025 17:57:00 GMT",2025-06-08
36342756130b3eed97bd97b24ce114f8,granizo,Almeida,O mapa mostra os estados sob o tornado amea√ßando como granizo em forma de abacaxi - metropolitanosc.com.br,https://news.google.com/rss/articles/CBMizgFBVV95cUxPYXlRS1dzSVlQcnQ0MFpGNHFyZ0FVQWx5ZHVWRkxCZDdSaXZ4X2RKOGs2WUdVZlZLTG9OdEx2YWhxMDZhZUV6RE0wdnNzTW9iM0dBaHpuYjVOU3RSckRrbVdjNzNud2VJZTFBRG5JbnpCbGt2a1JERmZXVXBzZk1HRHVIRlVYTVRjd0pIYlc3dmtsbklPVDNlczhwdGFyWlgxeGdiUUJ2YmdkMXRySkVQcUFhMlFfZmVCR09vRzI0c20yVTlwdUFwU1NDc2x5QQ?oc=5,"Sun, 08 Jun 2025 09:27:59 GMT",2025-06-08
c2faf0b05a32946439112a23513195e4,neve,Sesimbra,Praias de sonho em Portugal para levares as tuas f√©rias a outro n√≠vel - Magazine.HD,https://news.google.com/rss/articles/CBMilAFBVV95cUxNNEotaENMZlkzLUMtQnd4ck9fR2VtLXZZVS16NFMtTmwtakRsNFhkWkxTNUhmVkpSTzBCc3ZoWU5xQU96ZmpCM1NsUkpQTGxUS0dobm05QnJ6TUlaR0h0anRFNWF6eGRUaU1SdzdsSHdyQzdHYWQ3UWZqajhNNTlHZnJXTWg3X3BSNTl4NnFla3lkcjlG?oc=5,"Sat, 07 Jun 2025 18:00:13 GMT",2025-06-08
3def43f9c84d67cdc90e6de430848672,granizo,vila nova de gaia,Pris√£o preventiva para suspeito de s√©rie de furtos em Vila Nova de Gaia - Correio da Manh√£,https://news.google.com/rss/articles/CBMisgFBVV95cUxQZEQzZjROQ0szRksyN1ZPNWRlMTE5NDdzS2ZOM2NvUC0yVjh5RjdHdHJEUThma3BFMklMeXFiNl9lUGt0ekZBajh2MkRORk9lSDBzLUtvU0NoUGhMdHFqU09NVHQ2bkx5SGo4T0Q3ZnRXUGZIOTdNSlV3ZzRZMVJOVjhuU0gyNGpRc0ZDMXZnbWFXWUFKQk15elRPUnFJemtVakxmd0JxajM2ZWV0SWN6blBn0gGsAUFVX3lxTE9ybk1ueWcxbkl1UHJrS0N3WGoycjYzYXhETTRYZm51d1hQX2ZYeV90WDN6WWctX3V4VndqYmtnSEJLTGM4M1pMRXJOMXkxanREOFdQdWthcmN0eW1PZmRDa0hGaFRMRmRybzhmU3hjYTl4ZVhlbUdsUnVROXVrNXRnbzcta1U4WWlJZDVFSzVjdHl2QXFvWXNtODRBZURoRlRDaDBNZGJPNFVRQWo?oc=5,"Sun, 08 Jun 2025 16:17:14 GMT",2025-06-08
be005eaace96a8600384bc2021441b44,granizo,Lousada,"Mulher de Lousada abusa do filho de cinco anos para ""tratar"" doen√ßa - Correio da Manh√£",https://news.google.com/rss/articles/CBMiqgFBVV95cUxPc2V1T0NjVzYtME56cXJpdkJxMFNSaTZicXZSS25kcDRab0ZMSkFCNmtsRjQyLXVYUmdwR0tkdV84bDk0NFlkOTJBM3Ryd3VmV1JmQlZPNHlLYjE0VUU5ZTBxSm9fZ0tZeEMwd3cwM0t0b0pnd1RwbXpMc2NReG5DV2x4UFBuNW9qejF2aVZVZi1qWXREU0Y4dUtZelgyQjRNT0g4LUdncDROZw?oc=5,"Sun, 08 Jun 2025 00:30:00 GMT",2025-06-08
f3f47bb6b7a65628fa2b09e070269d27,cheias,santa comba d√£o,Caminhada solid√°ria apoia os Bombeiros de Santa Comba D√£o - Jornal do Centro,https://news.google.com/rss/articles/CBMikgFBVV95cUxNVGJYQnF4V1NpRjRSWnVlWDlUN244SkcwcFdFNFd4MmVoWXI3OW55SGpma1YycmJEcEo0SVJacjJGR1ViWUVfR0tpRWIwRnhNeVBIOUhWVDlEbF9UYlVqZnNSbHREd0lEdmxfZTQ1WG5PbWxGRnloMHhXcTE0b2RvcWQ0bTFOX1E5SkhEZFctRzlFQQ?oc=5,"Sat, 07 Jun 2025 07:25:15 GMT",2025-06-08
4e148f3e338898eb9293a7865f4f89f7,cheias,felgueiras,"Encontro de ""Colegas de Escola & Amigos"" da Longra e arredores - Seman√°rio de Felgueiras",https://news.google.com/rss/articles/CBMiqAFBVV95cUxPVy1HOGhOUDZWbVQzbFV5VmlJaFZ5ZGxsa2syaXZLN21Jb1ZLVVN4U28xazRLTXVCSnVtcUVZU3lYUUVJTHFXMlJGQ3lfc3BLbmRLRV95VlpsdGtYMlpUVjIwMUg5ZzFzWU1xcS1sYzhxbUN6dC1BWEFJeVBDam43YURiTE1NQkdGRFlvbFNjemw1cVJiMDRvTS1ob200dHhQcll4TjZ4c1U?oc=5,"Sat, 07 Jun 2025 13:10:09 GMT",2025-06-08
210cb697a91f018ba23d10e0aad9e0db,cheias,Ribeira Brava,Miguel Nunes vence Rali da Ribeira Brava - dnoticias.pt,https://news.google.com/rss/articles/CBMiigFBVV95cUxPNnJRaUJlaGhkNm4xbWN2LWU0dDRCRVlOUUdvd0Y2ME1HenlYNDNTb21qajJUajl6MjB5YURDbjFKcXZtS2VSS1JVOGdBMGpKLUJtNnAwZzNHRzdrcXpVV0ZCOU10WTZseXl6bDdxcnBmZjlGajVET19Hdmx4MERfUEJkeFY3YmhZWWc?oc=5,"Sat, 07 Jun 2025 16:47:33 GMT",2025-06-08
9053b290137e1a51925de65b7828919f,cheias,macedo de cavaleiros,"F√°tima Lopes visita aldeia e √© recebida com amor. ""Fui t√£o mimada"" - MSN",https://news.google.com/rss/articles/CBMi1gFBVV95cUxQdUdHZzlpaVp6RllkcWtNa1JoWllzVTBDM0JSOVlTeURHTi1abUdCajZPRktvZDNqS1JDNmdEMXhGQXNtR29jRkc4S0wzWGVER1Bjc0lPUTZQdnZjUGtEeGRsRFk3WkJoSGp2TDFFMk44ZkVqWXJTOEZ3TjBmU3ZLcDRJdW4zWnF0NUVkZmhnaWh5RnpnOWtIXzBwWWRHcEZBc0RwNlczRGRCVWk4N1VWR1ZZSi10TTFqQ21wcmlnWFZzVzc4WHFVcmk1T29TSW5ubV9DeXdn?oc=5,"Sun, 08 Jun 2025 02:32:41 GMT",2025-06-08
8b06d69606af500a8e2a40fa95076b5c,cheias,vila verde,TRADI√á√ïES (Minho) - Vila Verde. Multid√£o em Mix√µes para celebrar Santo Ant√≥nio e a secular b√™n√ß√£o dos animais - O Vilaverdense,https://news.google.com/rss/articles/CBMitAFBVV95cUxOdTFONzlMMUJRSS1Fbm9yeHJaaGl4dEIwQ1hRblZTY2lsVk1JTWpIem53YzVvT0pYaUpPSVdRZEVHSnlZX3UxZHliVjFpeW5MWW1HQWZ3a2I3eUlqUVFQSFpXcnZTaWxjeVNKZm5TeUtqVFlmMHhKR3VqYTZZWUR4T09EeFh5N2NsY0lhVXJXYkJCWHlMbXY2MVN4RTd2ejBXUDlQaHFFbVkzU24tRG5NUTRTLTg?oc=5,"Sun, 08 Jun 2025 13:21:00 GMT",2025-06-08
4e148f3e338898eb9293a7865f4f89f7,cheias,Felgueiras,"Encontro de ""Colegas de Escola & Amigos"" da Longra e arredores - Seman√°rio de Felgueiras",https://news.google.com/rss/articles/CBMiqAFBVV95cUxPVy1HOGhOUDZWbVQzbFV5VmlJaFZ5ZGxsa2syaXZLN21Jb1ZLVVN4U28xazRLTXVCSnVtcUVZU3lYUUVJTHFXMlJGQ3lfc3BLbmRLRV95VlpsdGtYMlpUVjIwMUg5ZzFzWU1xcS1sYzhxbUN6dC1BWEFJeVBDam43YURiTE1NQkdGRFlvbFNjemw1cVJiMDRvTS1ob200dHhQcll4TjZ4c1U?oc=5,"Sat, 07 Jun 2025 13:10:09 GMT",2025-06-08
89e427981cb1ad81b2339781f62ecf98,granizo,lagos,J√° tem planos para o feriado? Previs√£o √© de aguaceiros com queda de granizo e trovoada para o 10 de junho - Correio da Manh√£,https://news.google.com/rss/articles/CBMi5wFBVV95cUxOSmRLTjZGek95eG0zYXVRR1FBczJuRzVlQ3c3MS1mdWtUYnRBLTBYYzBIb0JZNlhxQjVXdVZycTk2UW11UGlWTVRxRXY3UXRtclJHeU9kcVk5MDRqMXlsSzBxbk1wUXRaN3c4Nms0YzdZLWFNMi1aQTNlVTFpZl9uT2kzU3dkQkxTLWl0NXZRdmxFVWxpM2c3dUNVS2JYbTZfdFVzU1p0ZTgxbWl3SHpQMFNISzNDNl94T25IdjJETk45ZG5BZ0E3MW1rZThWejgxVXJjdHlobDZrd2lyNGRQcGxNMHRCMlnSAeIBQVVfeXFMTU9hT1ZIQUtNUXQ2bjVNdEN3S213OVFoQXgwV3psSEJUMjlsNmdzeGVQbFhObklVR0hWdFFYTENlaDdtWWY5UUtRR003V3hSVVNJdmI5SlpqQjluLXNndmpkeWU3eTlSdWNFUmdScGUzNVdQWWdSbHpGc0N3LXNZdEJNZTNXbEc3SHRYWHpkZGs3cG14aTBaSzNMZDRQU3FPV0F6cjVtYldYNGlCLXVJT2xjZ0FQaDBrN19yaTFFY19vM1dLaHFoSFlkSFFYWXJ6aXBJXzBKajJUTDZJTU12XzI4dw?oc=5,"Sun, 08 Jun 2025 17:08:00 GMT",2025-06-08
45f9a6706f9f1c263f53ebff6f00fe53,granizo,lagos,"üîî Mau tempo no feriado de 10 de junho: IPMA alerta para granizo, trovoada e aguaceiros em Portugal Continental - rumores.pt",https://news.google.com/rss/articles/CBMi3wFBVV95cUxNaFVtbHVrWTRHd0NWUE4tLTJvX0FETmlsTjVuZXN0WDFELU55djRjbjJFYS13Q3B2Y3R6SWsyRVNNekZISnJEMTJYR0k0SXg3YklmeTZmT2FkN1UySFJnQmVhaTR1aExxbTRPajhWV2Fud3NPSXA3WHpjNUtBZFhkNkk4WGFGeWtFajd0TlMwODQ2WVF2bGQwVG1WdHZDZjBFalljNXJJdHJPdklpRGI2c3lsSHQ3ejJVTzdfYzVTVnI1cHY2QzJfd1VUYXh0THl3OGIwUVJIb0hBd0NSaGJz0gHkAUFVX3lxTE5PS1NXaW5qRzJtNl9RRFR3MkhVUFVucXF1S0tjbkpBR3RVQUVUdHVqbmpVbnBpbHpQbXB3ZTRFZHctRlpmY3l4djZ4UFZIMkhFT01KQXU4Rl85aHRPNFZPNGNMMlJHdW1yal9SdEowNkNMVUUyeExnZzJXaFFxMGlETzFpMlFITDZwZ0FabnZncFEtWjN6bDdmR2JNeTUtZU9tQWU0cU5vWUdPMFFYR21OcGtxSXEzcHl5LWl6VkVRTUhSeWRveTZJbTZnRGZYekJOMG1QeW52aGZDOTJYUktZVEt3cw?oc=5,"Sun, 08 Jun 2025 18:50:52 GMT",2025-06-08
c366ee4520f6f6e158f21062a620f623,cheias,montemor-o-novo,"T√©nis: Matilde e Francisca Jorge choraram e rejubilaram por raz√µes diferentes - Guimar√£es, agora!",https://news.google.com/rss/articles/CBMiygFBVV95cUxOcGtJNTg3QXE1WHBqMFQ2TXFqY3VkTTJqeG5obDhXMU9IUnJTb3N3THZWVDNKY2pSSlAtVV96eGljVkU0WFhDWDlSdG9CS2tISEd2a1h0YlN5YWxoYnhubjZCaGdwS3Uwc194NUV0UVliMlRQMjBEaUtVR2xfQk1qUDA2MGoyTGlvYU9wX3dfODRObU9sOTFhdnloMW5ZZ1B6SmMwM2ctbHhIVmJUNnlnNm1iV0pEWEZwQUtLMXVsdGh2OEdKbTMxX2xR?oc=5,"Sun, 08 Jun 2025 14:00:21 GMT",2025-06-08
48d17e1180c50633927fa2e3b3e3c999,granizo,Palmela,Mulher atacada com √≥leo a ferver pelo namorado em Palmela est√° gr√°vida - Correio da Manh√£,https://news.google.com/rss/articles/CBMisAFBVV95cUxOa2lNMXRsUml3MVhyUFM2VmlvazJWXzJNbmlaOGF5T05aX29wdFZDMndKTmRScG9VTUxKSVNScG1ZbWtQTnN3anRzQU95UExtR3Z1NVZOamV1YklPZ0N6SFljQ043dVJ5MEtNaV9jUS1lcUppTWkzREMxYUpCd0lnZ0ZtUTJkRnJzeUN3dGxSN2NCbVdlS3FkcHJ5MUpudVhDUURPTmNGc0s5bERqek4yNNIBqwFBVV95cUxQMGN1alU1NkFsZ2VuSnZXemE5Sjg3UWFqU1YxeHdLOHRDcWFDWnN0OFhaSEFXcXdMbjRiYnozX3FIa1pZQldHeHRpMHk3OEZnUXFpRnFRSDRfSEF3RmY1ejNVVUZsMExJazgzdVUtTGpIdHAzZ1BRNHh3dnJUb25aQkxxbnhmMnFzX3ZqZDZzek0tT3dKX2tkUFM5RFJlY2hPeXZaTUNvWGdQNlU?oc=5,"Sun, 08 Jun 2025 12:23:00 GMT",2025-06-08
89e427981cb1ad81b2339781f62ecf98,granizo,Oliveira do Bairro,J√° tem planos para o feriado? Previs√£o √© de aguaceiros com queda de granizo e trovoada para o 10 de junho - Correio da Manh√£,https://news.google.com/rss/articles/CBMi5wFBVV95cUxOSmRLTjZGek95eG0zYXVRR1FBczJuRzVlQ3c3MS1mdWtUYnRBLTBYYzBIb0JZNlhxQjVXdVZycTk2UW11UGlWTVRxRXY3UXRtclJHeU9kcVk5MDRqMXlsSzBxbk1wUXRaN3c4Nms0YzdZLWFNMi1aQTNlVTFpZl9uT2kzU3dkQkxTLWl0NXZRdmxFVWxpM2c3dUNVS2JYbTZfdFVzU1p0ZTgxbWl3SHpQMFNISzNDNl94T25IdjJETk45ZG5BZ0E3MW1rZThWejgxVXJjdHlobDZrd2lyNGRQcGxNMHRCMlnSAeIBQVVfeXFMTU9hT1ZIQUtNUXQ2bjVNdEN3S213OVFoQXgwV3psSEJUMjlsNmdzeGVQbFhObklVR0hWdFFYTENlaDdtWWY5UUtRR003V3hSVVNJdmI5SlpqQjluLXNndmpkeWU3eTlSdWNFUmdScGUzNVdQWWdSbHpGc0N3LXNZdEJNZTNXbEc3SHRYWHpkZGs3cG14aTBaSzNMZDRQU3FPV0F6cjVtYldYNGlCLXVJT2xjZ0FQaDBrN19yaTFFY19vM1dLaHFoSFlkSFFYWXJ6aXBJXzBKajJUTDZJTU12XzI4dw?oc=5,"Sun, 08 Jun 2025 17:08:00 GMT",2025-06-08
f032584a41f9605738cccc21cd1d4d4c,granizo,Oliveira do Bairro,Dois feridos em colis√£o em Oliveira de Azem√©is - Correio da Manh√£,https://news.google.com/rss/articles/CBMikAFBVV95cUxQWGl1ZW1za3ozOGE1X3ZCMU54dVpWeDA4cjk1ekxleXFhYXlwUkxVdktyNVNjamZzb1VXdmNfVlRfWUR3ZzNMczRqOXlVRWhremZ5QzNXMGQ3aW9ydGthYnBFQlU3ODI3U1JHS3l5bGtrelRvV1BaeVlSUzkwcERnakR4MC01amlnbjRodkZZQjbSAYsBQVVfeXFMT20xaHdfUGcxZkZONHI0dmJkd3hPRE1WOG1mZjh0Z3dPeHNNRndrTmx4MnBVWmxHcUtqTEstM1E0cFJkaHhzU0tCYnFuTGNia1RnVW93ZUFMVUZXZV9BQ0M5X3hIMkpkV1BEbFV4d2dPYXdVeVZZQWhJZHE3dEVOTzJlWEVlQm5vS2ZSUQ?oc=5,"Sun, 08 Jun 2025 20:06:11 GMT",2025-06-08
8524493c4d4e41300812d9a78f109df6,granizo,Oliveira do Bairro,Carro cai ao rio em Albergaria-a-Velha - Correio da Manh√£,https://news.google.com/rss/articles/CBMihgFBVV95cUxOYWt4R0pSamhSajF5UGFNUnIwaUpRRHAwWHRUT1lGdlhKeS1SaDJSa1BwMWN4Si13aEV1MlZFTmFZMTlXMURQaXRIejRkWGwwSmY4MktHZER6Q3RhRGFraFpMOGRxTEJKVGphZDhIUzVMcmZhVElSbnVCNmNSWnRPWVFKaUoxQdIBgAFBVV95cUxOTnVXb3RxQk1EcUxpTkhaS3owLVVPc0M4dC11MFNpdmdKX2c1WTgzZHZab01OcHFPbUtJbV9NZUJKVlN3WmpGWGZDNkJiNEZXRHVwamkwVF8xNm1ZR0R5R21Oa3lweVhfaEZEM01PZjVFSXNpUmRUd3lWYzktSF91UQ?oc=5,"Sun, 08 Jun 2025 18:01:56 GMT",2025-06-08
2f2e744b8e4f139162fed93c4c70d6f7,granizo,Oliveira do Bairro,Agente da PSP agredido por autor de vandalismo em Loures - Correio da Manh√£,https://news.google.com/rss/articles/CBMingFBVV95cUxONl9yQVp1U21EbWdSTGtCckZ5UGdONTY2LUEtTmlVclVTYlpCclF0Q3V4cmhSUjNmQ0JDdExIMFdST2V2aDdCUl9jUm1lYnFNdlVIY1NXQ3AzMV9ZRXRJZzlxdTlRWFo2aGFVLWZOcFJ2NEJ1b2pOYkhoTXRnSzZjSXlkMVRNUkZuM2RjRXFnYktYaXkybHROM1p5RTdGZ9IBmAFBVV95cUxOcHZWaThhaExia3ZVVzhfNXlnV1lXWjVBRGNvVm5RV3M5TDV0UWNIcUkya3JjTmpPSDJjSDNnWTZydktPMzNmVkFqTkFFcXAydkQ1SDBuTUdORHVSWmVYTnMwamE2M0JXWElEazJ4cDBoMHdFYnp6TWd4U0RPOWZ6NUVsaDVsXzVOOTQ5ZmRtSEt5SllSaHMzbw?oc=5,"Sun, 08 Jun 2025 10:37:30 GMT",2025-06-08
04254e2ff8e86440e5c816129ddcd5bd,granizo,Oliveira do Bairro,Carro destru√≠do pelas chamas em Braga - Correio da Manh√£,https://news.google.com/rss/articles/CBMimgFBVV95cUxPczVzNno3SDEyZGJKb0ExTFg4UEVNWkdPVlJDeVNLVzdSMnhPcjlxeFozdnYyM2kwdEgyWkswWHB1OUUtRG1SWGstVzlrSE1oTEFqcGN5dVdWMGlzLXNhV3VSS09SaFJ1azFsNndlU212Rk1CVnNiVDg4VTk2am9VLTUzYWdoLWRucUtIaldJXy1VVVFRR1NPYmtn0gGUAUFVX3lxTFBTM2s4ckVVcHpFVS1OU2M1RHN4UmRESU0wTnZ5OVpObS1fUnJlT0tvNGp3Mkd3dDRheldtd0Q0WGtSNTFpMm9PeGdvRnNtTUVfenBiMnJUSFlSYnRXQWRpR2hQajc3ZEo0X3ZtYnN4VExzcEtRakQ3bEVRcVAxTXpfbjlONndkWlFWb0xuaEVCRUh6c1Q?oc=5,"Sun, 08 Jun 2025 17:36:50 GMT",2025-06-08
49f6e97a69a5f0a715f3388ddd39b72d,granizo,Oliveira do Bairro,Encontrados em jardim dois rel√≥gios de luxo roubados das joalharias do Hotel Ritz em Lisboa - Correio da Manh√£,https://news.google.com/rss/articles/CBMivwFBVV95cUxQTEU3RXA2MmhDZUQzQTdYX3ctcnQ4OHo1RS1XaXVxWmlaRFZraUdDSnRPRDZWWjJmby1xdE5sNXRLakhfREU0bFRJdG15eGl5YVJwTmlpWVd2N3ZYUlcxRlFhWlpTLVFwcmlZUUhyNVV2anByWGp4TEl5dEVURWd6VjBLdHMtcjVSX0dkRFFMLWsya3RvcmFJUThsWWpTb3k2RzJlNkpTOVdha3hiWFAxZ2VwUUEzREViUTE0b1BoQdIBugFBVV95cUxQYnN4QWw4TGVKa1Bub1ZSV1oxUWNaYWYyMWJtWEJGY2ZvREk1dW1jak9PQlNmMm5CVEFEeHlqV3JpZDhqLThVejJOWHQ0OG5GLXcwcWRaVFdia1JMdGhSTXFHbFJpQ3Vpenkwd0oxSXFOVFl2aFpRR3RIek9zLXJ4UTFYTEdLVzJwLThFRlBfd1RvZ0Jybmt6SUVlSTRGRVB6amVDNWVQMG9hZTVqb1k4RXZfbG8tRTQxTFE?oc=5,"Sun, 08 Jun 2025 17:11:00 GMT",2025-06-08
48d17e1180c50633927fa2e3b3e3c999,granizo,Oliveira do Bairro,Mulher atacada com √≥leo a ferver pelo namorado em Palmela est√° gr√°vida - Correio da Manh√£,https://news.google.com/rss/articles/CBMisAFBVV95cUxOa2lNMXRsUml3MVhyUFM2VmlvazJWXzJNbmlaOGF5T05aX29wdFZDMndKTmRScG9VTUxKSVNScG1ZbWtQTnN3anRzQU95UExtR3Z1NVZOamV1YklPZ0N6SFljQ043dVJ5MEtNaV9jUS1lcUppTWkzREMxYUpCd0lnZ0ZtUTJkRnJzeUN3dGxSN2NCbVdlS3FkcHJ5MUpudVhDUURPTmNGc0s5bERqek4yNNIBqwFBVV95cUxQMGN1alU1NkFsZ2VuSnZXemE5Sjg3UWFqU1YxeHdLOHRDcWFDWnN0OFhaSEFXcXdMbjRiYnozX3FIa1pZQldHeHRpMHk3OEZnUXFpRnFRSDRfSEF3RmY1ejNVVUZsMExJazgzdVUtTGpIdHAzZ1BRNHh3dnJUb25aQkxxbnhmMnFzX3ZqZDZzek0tT3dKX2tkUFM5RFJlY2hPeXZaTUNvWGdQNlU?oc=5,"Sun, 08 Jun 2025 12:23:00 GMT",2025-06-08
6427169a90f0ca9a20c9aa6b8e491c95,granizo,Oliveira do Bairro,Pol√≠cia Judici√°ria det√©m em Leiria homem procurado na Su√©cia por danos com 'graffiti' - Correio da Manh√£,https://news.google.com/rss/articles/CBMiwgFBVV95cUxPbk5yaFVjSTRoOFpaUWpGNjl0TUpvN2JsYnN0WmNfcU9JenBWSU1pTnFBa1pRSnVUUktxdU9VYjFRTVRrdUNnMHc0aXhHNUVCMFQzNmU1VjNjOWo3YVJVSkEydXFrRHRBZzJJdWYtWGRjeS1ySjFmQjJWazRla1NoekJWWWlodURDaUQzVXZVejJZTmFBMEhDU19jUUxVc3d3aGlFR01jVjdPUF9zR0pFWkozb2FYRHZCbTgwbGFObGxHUdIBvAFBVV95cUxPejNLNUVickZULXBqYzc2blktNzRzT2V0OWl2OThLTDR2dWE5WEpBSHdpa3pVWHR3anVEbncwdEVuS1hFYzRDS0l5LUFiaTU0LWFqUDJ6Skt4Y21yTjFWd1NWWGlRMDZJRV9rR3RBNlB1YVJsdFAxcVBPOTNYenRxekZQSXhsTUhUQXNFQ1U2aVp2T2o1bkYzbExaaGhoRWZjNDFlbHJJUGlndHVQcWpuVllPbzNFNmVDd3VaLQ?oc=5,"Sat, 07 Jun 2025 13:35:03 GMT",2025-06-08
2df3d4ded5cbdd3df6f760f53f612fba,granizo,Oliveira do Bairro,Ex-banqueiro Morais Pires paga 233 mil euros por per√≠cia - Correio da Manh√£,https://news.google.com/rss/articles/CBMijAFBVV95cUxQeTgwMjlwZHJ2Nm91NWp3V0lKeHZ3WHlKVURfUmd2NWJiVEFyM0RMMTBHaHJadmhZWENpMWtndmNmbkVwdnk2NG1yR09iSHVRanZIcUdYN2loZWtCeGQ2WjJGTURwOWJMbXQ2ZERUNUVtZ05oOGhCNEd5al84UWhYZEczMF9XMFZjSV9KeQ?oc=5,"Sun, 08 Jun 2025 00:30:00 GMT",2025-06-08
be417cce483ab87355b000c778b94bbd,granizo,Oliveira do Bairro,Jovem de 17 anos desaparece no rio em Odemira ap√≥s mergulho - Correio da Manh√£,https://news.google.com/rss/articles/CBMiqAFBVV95cUxPQ2dOVkJORVFQOWVlYzhRM2sxeU1kMlR6WDhpYlZZTW8xY1I2YVk0TEpLTFB1TVJoWUw4M3czX0NfRGN0bTJVbDh3Q2I1b0FBankteVFDQjdLZ0pmZVQxa3FycEwzYVZUeHNKWkxDcFNBUEc4RzJ4NTFFNUtsQ0hyU29fNUpOYXhxZzRBb1FoZW11TVh0SFR5NC1weF9DWmRqX29Scmd1N3PSAaMBQVVfeXFMTzlGcHhqODZZM2NVMEhFbTJTUlA3NmszUGJWQXY3YXd1aW5vM09sbnFZOTQ0WkNxQnZZOURfTy1HZ1V5TEZaWHhzMmJYQk1lNUp3MnEwTGFDNGh5Y1BFcjZPb3Z1d3plLVFfVzVOMHV6dHJFd0Y3RGt3RDZwc0RHMFUzclVic2laSE03R3hCUm0tNEtEX2Fmb0ZfOUVKOG5UeEpHTQ?oc=5,"Sun, 08 Jun 2025 17:57:00 GMT",2025-06-08
d6bb7af1d6c78513984823292aa7a74c,granizo,Oliveira do Bairro,Jair ter√° assassinado Concei√ß√£o com pelo menos 10 facadas na barriga - Correio da Manh√£,https://news.google.com/rss/articles/CBMirgFBVV95cUxQbjVqeTJmUDRXRzVvUUlxR1ljc0tvRzNkSFJMRmRXLWFUYzZLZFBRa29jR2dfTmFZNVNQbll6VU1xUnREWDFSSEJXY0VHcExpZTdKUy1ZakNMT0gzdmFrd1ZpbklPQlVNVWhjTkU1X0lra2MzT3ZmbEhETXItMGNjc3RpdFF0TVY4SF9fMlA2c0xOY2doNUktX0VnTmNmRjJpMkZuSUVzMVpkNEhheWfSAagBQVVfeXFMT2xtQzU3dWk3akFrQ1g3TlRoR2FQQnZ0N0dMV2p3YTBORzdWWS1WZHlDcnNnSWpiUWFyLWtFdGlXcXlMd0lVYkZfM2wtWE1RcEh2TEVFV0ZvRVd2S2lNSzBMUk9pckp1RTNQZTB2dURiVHhPOVFNQTl5WFVYUmloT0NGZU16UzNCanRvZ25nZnpZOVIzTnJENEk5MWktdUlQM3NsNGFRTkZu?oc=5,"Sun, 08 Jun 2025 11:05:00 GMT",2025-06-08
ed058b2d3931700cd07cb485968c220d,granizo,Oliveira do Bairro,Homem de 50 anos morre ap√≥s ter sido violentamente agredido em Penafiel - Correio da Manh√£,https://news.google.com/rss/articles/CBMisgFBVV95cUxNT2N3RU1hLWUtODhSb3JlWVQ2Q3U4SEx5Zi1jN05aVi1HVlhXb0twb2o5aDlkRkJUMmU2YjdEYldJQWRqbTU2S29ZZXJJMUFmd2dINVRoSnc0b1N1TExCMi1ua1d2M2pLOWFQNVlCeHV5NGh4MkVzVTJKZHpaaHNQdzBRdHFkOGNKdEc3YU1TN00yakg5ZHNMVXZGU2o0YzBtQzZ0b21hRm1jeTZLSFVXQzdn0gGsAUFVX3lxTE1IeFZWWW1pYUYyN29BR2I3cE5YWlFvRWhBYlRvN2paczkxNUVvX2xELWxnYmZhVWk2ZmNOOWdEeDR5VTNlSm1zd1VZYTlGLXlDRzMySUZMV0d3eHVuZ09CY0pHamFVXzc5Wms5Z2RCdFZrUnZySnVVVUthMXlpQnVMZndRVVhNM2l1dl9NckVXUmFhM3o2ejJMNkNvQnZHZjRHRGZvYjlyUWlGUnA?oc=5,"Sun, 08 Jun 2025 09:44:00 GMT",2025-06-08
ac865ccf77b607be3e903c01d948ddae,granizo,Amares,IPMA prev√™ aguaceiros com queda de granizo e trovoada para amanh√£ e feriado 10 de Junho - O Amarense ‚Äì Jornal,https://news.google.com/rss/articles/CBMirgFBVV95cUxObnBoRVV1b1R0ZHNmUnd3WDdsUk5RWElGdlV3clN3LXdwOWI3enFqeDJXVHV1b2xDVTM1Zkd6VEtEeDJZQlpValpRYjRuWlgyeUFfY2JTRlNlNGFWTXZhdFNpZ2lMU3ZKSUVjeHpYQ2JTQlBWZjV3X0pCNnN4M0FPWVRYY0pUT1dhc2pYSlJiUUVtYk1kbF9yQ1lDLU9RZHQ2YXBVdXQ3ZzZaSlplT1E?oc=5,"Sun, 08 Jun 2025 17:28:00 GMT",2025-06-08
3def43f9c84d67cdc90e6de430848672,granizo,Vila Nova de Gaia,Pris√£o preventiva para suspeito de s√©rie de furtos em Vila Nova de Gaia - Correio da Manh√£,https://news.google.com/rss/articles/CBMisgFBVV95cUxQZEQzZjROQ0szRksyN1ZPNWRlMTE5NDdzS2ZOM2NvUC0yVjh5RjdHdHJEUThma3BFMklMeXFiNl9lUGt0ekZBajh2MkRORk9lSDBzLUtvU0NoUGhMdHFqU09NVHQ2bkx5SGo4T0Q3ZnRXUGZIOTdNSlV3ZzRZMVJOVjhuU0gyNGpRc0ZDMXZnbWFXWUFKQk15elRPUnFJemtVakxmd0JxajM2ZWV0SWN6blBn0gGsAUFVX3lxTE9ybk1ueWcxbkl1UHJrS0N3WGoycjYzYXhETTRYZm51d1hQX2ZYeV90WDN6WWctX3V4VndqYmtnSEJLTGM4M1pMRXJOMXkxanREOFdQdWthcmN0eW1PZmRDa0hGaFRMRmRybzhmU3hjYTl4ZVhlbUdsUnVROXVrNXRnbzcta1U4WWlJZDVFSzVjdHl2QXFvWXNtODRBZURoRlRDaDBNZGJPNFVRQWo?oc=5,"Sun, 08 Jun 2025 16:17:14 GMT",2025-06-08
89e427981cb1ad81b2339781f62ecf98,granizo,Lagos,J√° tem planos para o feriado? Previs√£o √© de aguaceiros com queda de granizo e trovoada para o 10 de junho - Correio da Manh√£,https://news.google.com/rss/articles/CBMi5wFBVV95cUxOSmRLTjZGek95eG0zYXVRR1FBczJuRzVlQ3c3MS1mdWtUYnRBLTBYYzBIb0JZNlhxQjVXdVZycTk2UW11UGlWTVRxRXY3UXRtclJHeU9kcVk5MDRqMXlsSzBxbk1wUXRaN3c4Nms0YzdZLWFNMi1aQTNlVTFpZl9uT2kzU3dkQkxTLWl0NXZRdmxFVWxpM2c3dUNVS2JYbTZfdFVzU1p0ZTgxbWl3SHpQMFNISzNDNl94T25IdjJETk45ZG5BZ0E3MW1rZThWejgxVXJjdHlobDZrd2lyNGRQcGxNMHRCMlnSAeIBQVVfeXFMTU9hT1ZIQUtNUXQ2bjVNdEN3S213OVFoQXgwV3psSEJUMjlsNmdzeGVQbFhObklVR0hWdFFYTENlaDdtWWY5UUtRR003V3hSVVNJdmI5SlpqQjluLXNndmpkeWU3eTlSdWNFUmdScGUzNVdQWWdSbHpGc0N3LXNZdEJNZTNXbEc3SHRYWHpkZGs3cG14aTBaSzNMZDRQU3FPV0F6cjVtYldYNGlCLXVJT2xjZ0FQaDBrN19yaTFFY19vM1dLaHFoSFlkSFFYWXJ6aXBJXzBKajJUTDZJTU12XzI4dw?oc=5,"Sun, 08 Jun 2025 17:08:00 GMT",2025-06-08
45f9a6706f9f1c263f53ebff6f00fe53,granizo,Lagos,"üîî Mau tempo no feriado de 10 de junho: IPMA alerta para granizo, trovoada e aguaceiros em Portugal Continental - rumores.pt",https://news.google.com/rss/articles/CBMi3wFBVV95cUxNaFVtbHVrWTRHd0NWUE4tLTJvX0FETmlsTjVuZXN0WDFELU55djRjbjJFYS13Q3B2Y3R6SWsyRVNNekZISnJEMTJYR0k0SXg3YklmeTZmT2FkN1UySFJnQmVhaTR1aExxbTRPajhWV2Fud3NPSXA3WHpjNUtBZFhkNkk4WGFGeWtFajd0TlMwODQ2WVF2bGQwVG1WdHZDZjBFalljNXJJdHJPdklpRGI2c3lsSHQ3ejJVTzdfYzVTVnI1cHY2QzJfd1VUYXh0THl3OGIwUVJIb0hBd0NSaGJz0gHkAUFVX3lxTE5PS1NXaW5qRzJtNl9RRFR3MkhVUFVucXF1S0tjbkpBR3RVQUVUdHVqbmpVbnBpbHpQbXB3ZTRFZHctRlpmY3l4djZ4UFZIMkhFT01KQXU4Rl85aHRPNFZPNGNMMlJHdW1yal9SdEowNkNMVUUyeExnZzJXaFFxMGlETzFpMlFITDZwZ0FabnZncFEtWjN6bDdmR2JNeTUtZU9tQWU0cU5vWUdPMFFYR21OcGtxSXEzcHl5LWl6VkVRTUhSeWRveTZJbTZnRGZYekJOMG1QeW52aGZDOTJYUktZVEt3cw?oc=5,"Sun, 08 Jun 2025 18:50:52 GMT",2025-06-08
ed058b2d3931700cd07cb485968c220d,granizo,Penafiel,Homem de 50 anos morre ap√≥s ter sido violentamente agredido em Penafiel - Correio da Manh√£,https://news.google.com/rss/articles/CBMisgFBVV95cUxNT2N3RU1hLWUtODhSb3JlWVQ2Q3U4SEx5Zi1jN05aVi1HVlhXb0twb2o5aDlkRkJUMmU2YjdEYldJQWRqbTU2S29ZZXJJMUFmd2dINVRoSnc0b1N1TExCMi1ua1d2M2pLOWFQNVlCeHV5NGh4MkVzVTJKZHpaaHNQdzBRdHFkOGNKdEc3YU1TN00yakg5ZHNMVXZGU2o0YzBtQzZ0b21hRm1jeTZLSFVXQzdn0gGsAUFVX3lxTE1IeFZWWW1pYUYyN29BR2I3cE5YWlFvRWhBYlRvN2paczkxNUVvX2xELWxnYmZhVWk2ZmNOOWdEeDR5VTNlSm1zd1VZYTlGLXlDRzMySUZMV0d3eHVuZ09CY0pHamFVXzc5Wms5Z2RCdFZrUnZySnVVVUthMXlpQnVMZndRVVhNM2l1dl9NckVXUmFhM3o2ejJMNkNvQnZHZjRHRGZvYjlyUWlGUnA?oc=5,"Sun, 08 Jun 2025 09:44:00 GMT",2025-06-08
8fe8825ce3253d1b4a6412ddc041f626,cheias,√ìbidos,"Antigo antiqu√°rio, foi neste bar em √ìbidos que come√ßou a tradi√ß√£o da ginjinha - Expresso",https://news.google.com/rss/articles/CBMihwJBVV95cUxOenFpVWN3eHBpR0NJQUdtVHVUd2N4U0Vxekdwd2VRanVhenFtRGpBamp2RWVqRDdoMmFDeWppczV1UEdjbExWcFJZU0pFS0x2MEFfa1Z0cFM4LTBmTHNRNC1fUFFUU3VHRWtia0R3TkdiVEQ0YTRNVVlfZlJHclhJOUZaeThrMkhaZGhMRERac3VaQTVjeEJfR1ZEZnBqcVdHdEZ6RHEyNEpPVVhYdDVEdU1ZUk95RVU5Wkx6Qk5UTW5yVEJDendmQmJSeGhFQVZmcEdNbmdFUUFuX3JUU2ZxUDBQWlJ4UUJDWTNuV1o4RldBNVd5b2F0TUlydDNhRkNBR2JwbHE4Y9IBjAJBVV95cUxObXFJbC14VUVOMXloQVRVV05mLUt6UVNpMzFNYUx1R0dLaGJWTTkwdnZpNlRaZzRNY0V4OE5QMXp0WEhTanNRQkZFRU1paS1STlRWU1ZDYncwRXlHbXota1FxbGhpRUhldnZXbXBmSkU1c2NjRHAyQl82SmUyZG9NUTd6RUUzaklMLXRLRkVETDE5QkZqanE3LTFtdlRMVW85cWxCR2JTdzJWQ0JQLXNhN21EX1VhQTNnYW55Vkk2OXNzSEktNFRIb3l1RXZQX29uMW8tU09tRTA5czduSFRnMGV6X2tyamRIR2N1TlRnUzU0SGx1VEpQM0tZdjlsN3dlZFJUdldhU2VDSlIy?oc=5,"Sat, 07 Jun 2025 15:46:09 GMT",2025-06-08
8524493c4d4e41300812d9a78f109df6,granizo,albergaria-a-velha,Carro cai ao rio em Albergaria-a-Velha - Correio da Manh√£,https://news.google.com/rss/articles/CBMihgFBVV95cUxOYWt4R0pSamhSajF5UGFNUnIwaUpRRHAwWHRUT1lGdlhKeS1SaDJSa1BwMWN4Si13aEV1MlZFTmFZMTlXMURQaXRIejRkWGwwSmY4MktHZER6Q3RhRGFraFpMOGRxTEJKVGphZDhIUzVMcmZhVElSbnVCNmNSWnRPWVFKaUoxQdIBgAFBVV95cUxOTnVXb3RxQk1EcUxpTkhaS3owLVVPc0M4dC11MFNpdmdKX2c1WTgzZHZab01OcHFPbUtJbV9NZUJKVlN3WmpGWGZDNkJiNEZXRHVwamkwVF8xNm1ZR0R5R21Oa3lweVhfaEZEM01PZjVFSXNpUmRUd3lWYzktSF91UQ?oc=5,"Sun, 08 Jun 2025 18:01:56 GMT",2025-06-08
85dade28a2bbf0f4b99a9cc1a4083a72,granizo,Vila Nova de Famalic√£o,Homem morre colhido por comboio junto √† esta√ß√£o de Vila Nova de Famalic√£o - Correio da Manh√£,https://news.google.com/rss/articles/CBMitAFBVV95cUxPOG1tUkhuWVJJeWtCY3Q5U0oyX0puU05nSEdmaU1SejRQQ04zeUU1UW55d3V5dXFPbUJjTFhQZGx0N3RZRnhiUGVBeFBzRHZPQW9DamY4TmZrQ2VqbHhCeW9nbDFER0wyNWpiN2drV2RTLTNUaVFQeVBUN3RSeEdmQnRMc1FZVlZROWRfOTB5aVlZelhmYmFhVEZRYm0xRE4xYnlBLU4xMWZJQ1M4Ym56N0Y3d3LSAa8BQVVfeXFMUHo2R3dqSDdmNVZBV0xWZ0Z4WU12VFR4S1F0TElNYTJ1XzNhQ2hadlAwZW42TE05WjBpT1g2Q0NEa2lRczB0RzZYejVLekNIeGFrcEpERTFTbmQ2V0hubWdtZDZvYnRhMFNyN2FSM0hvUlVtTFVIYzVveVd0dGFrRGpyY0pVVFhlbXJLVzI2UVhka1FEVmZsSUk5NXBLUkFEVTdGMkk0R0llVmMycVVUUQ?oc=5,"Sat, 07 Jun 2025 18:51:59 GMT",2025-06-08
9787cbc5c2a6eb8a6cc759e5719f2a75,cheias,Batalha,Jogo hoje Portugal x Espanha: final da Liga das Na√ß√µes; onde assistir - Carro.Blog.Br,https://news.google.com/rss/articles/CBMiowFBVV95cUxNbzNKd2g3WG9vSnRJOHBIZlVPT01DdS1GNGdSRWNaQ1dGcmdBZ2tDS1lOZGhDM0I3N2lkVGk1dVBWQjA0Wl9UN0R4SW4zZDVhRy1nZlJwNWNCbEhMRGZrZVc0T2N0bEFXT290OXJ6WnNaZEN5VUptTXd3NS1tVmY2ZjA3TzdzcW9EdXh3VjV1YWlER3g3SXRVckVNQ19IZ1ZnTEJR0gGjAUFVX3lxTE1vM0p3aDdYb29KdEk4cEhmVU9PTUN1LUY0Z1JFY1pDV0ZyZ0Fna0NLWU5kaEMzQjc3aWRUaTV1UFZCMDRaX1Q3RHhJbjNkNWFHLWdmUnA1Y0JsSExEZmtlVzRPY3RsQVdPb3Q5cnpac1pkQ3lVSm1Nd3c1LW1WZjZmMDdPN3Nxb0R1eHdWNXVhaURHeDdJdFVyRU1DX0hnVmdMQlE?oc=5,"Sun, 08 Jun 2025 18:09:03 GMT",2025-06-08
be005eaace96a8600384bc2021441b44,granizo,lousada,"Mulher de Lousada abusa do filho de cinco anos para ""tratar"" doen√ßa - Correio da Manh√£",https://news.google.com/rss/articles/CBMiqgFBVV95cUxPc2V1T0NjVzYtME56cXJpdkJxMFNSaTZicXZSS25kcDRab0ZMSkFCNmtsRjQyLXVYUmdwR0tkdV84bDk0NFlkOTJBM3Ryd3VmV1JmQlZPNHlLYjE0VUU5ZTBxSm9fZ0tZeEMwd3cwM0t0b0pnd1RwbXpMc2NReG5DV2x4UFBuNW9qejF2aVZVZi1qWXREU0Y4dUtZelgyQjRNT0g4LUdncDROZw?oc=5,"Sun, 08 Jun 2025 00:30:00 GMT",2025-06-08
0b0f67be9632ccdd56557f8d25704091,granizo,campo maior,"Tempo severo, com fortes trovoadas, risco de granizo grande e at√© tornados - potencial tempestade no Dia de Portugal, 10 de junho de 2025 - Luso Meteo",https://news.google.com/rss/articles/CBMifEFVX3lxTE5EZWUzbV9sb3FrWmpxN0NkRkpKX3pLM0xxVjJzZEtfR2Roc09Gek5HaU9HNlJsQTF5ZU1fZGh3NXNhb0FLa2FVVUMxYnZXdTB4WVlZRThwNzRMamtfQURjS2d1RmVLN09Cb2FzbE01VDNoSjNZV0tLakJpSVk?oc=5,"Sun, 08 Jun 2025 10:29:42 GMT",2025-06-08
89e427981cb1ad81b2339781f62ecf98,granizo,oliveira do bairro,J√° tem planos para o feriado? Previs√£o √© de aguaceiros com queda de granizo e trovoada para o 10 de junho - Correio da Manh√£,https://news.google.com/rss/articles/CBMi5wFBVV95cUxOSmRLTjZGek95eG0zYXVRR1FBczJuRzVlQ3c3MS1mdWtUYnRBLTBYYzBIb0JZNlhxQjVXdVZycTk2UW11UGlWTVRxRXY3UXRtclJHeU9kcVk5MDRqMXlsSzBxbk1wUXRaN3c4Nms0YzdZLWFNMi1aQTNlVTFpZl9uT2kzU3dkQkxTLWl0NXZRdmxFVWxpM2c3dUNVS2JYbTZfdFVzU1p0ZTgxbWl3SHpQMFNISzNDNl94T25IdjJETk45ZG5BZ0E3MW1rZThWejgxVXJjdHlobDZrd2lyNGRQcGxNMHRCMlnSAeIBQVVfeXFMTU9hT1ZIQUtNUXQ2bjVNdEN3S213OVFoQXgwV3psSEJUMjlsNmdzeGVQbFhObklVR0hWdFFYTENlaDdtWWY5UUtRR003V3hSVVNJdmI5SlpqQjluLXNndmpkeWU3eTlSdWNFUmdScGUzNVdQWWdSbHpGc0N3LXNZdEJNZTNXbEc3SHRYWHpkZGs3cG14aTBaSzNMZDRQU3FPV0F6cjVtYldYNGlCLXVJT2xjZ0FQaDBrN19yaTFFY19vM1dLaHFoSFlkSFFYWXJ6aXBJXzBKajJUTDZJTU12XzI4dw?oc=5,"Sun, 08 Jun 2025 17:08:00 GMT",2025-06-08
f032584a41f9605738cccc21cd1d4d4c,granizo,oliveira do bairro,Dois feridos em colis√£o em Oliveira de Azem√©is - Correio da Manh√£,https://news.google.com/rss/articles/CBMikAFBVV95cUxQWGl1ZW1za3ozOGE1X3ZCMU54dVpWeDA4cjk1ekxleXFhYXlwUkxVdktyNVNjamZzb1VXdmNfVlRfWUR3ZzNMczRqOXlVRWhremZ5QzNXMGQ3aW9ydGthYnBFQlU3ODI3U1JHS3l5bGtrelRvV1BaeVlSUzkwcERnakR4MC01amlnbjRodkZZQjbSAYsBQVVfeXFMT20xaHdfUGcxZkZONHI0dmJkd3hPRE1WOG1mZjh0Z3dPeHNNRndrTmx4MnBVWmxHcUtqTEstM1E0cFJkaHhzU0tCYnFuTGNia1RnVW93ZUFMVUZXZV9BQ0M5X3hIMkpkV1BEbFV4d2dPYXdVeVZZQWhJZHE3dEVOTzJlWEVlQm5vS2ZSUQ?oc=5,"Sun, 08 Jun 2025 20:06:11 GMT",2025-06-08
04254e2ff8e86440e5c816129ddcd5bd,granizo,oliveira do bairro,Carro destru√≠do pelas chamas em Braga - Correio da Manh√£,https://news.google.com/rss/articles/CBMimgFBVV95cUxPczVzNno3SDEyZGJKb0ExTFg4UEVNWkdPVlJDeVNLVzdSMnhPcjlxeFozdnYyM2kwdEgyWkswWHB1OUUtRG1SWGstVzlrSE1oTEFqcGN5dVdWMGlzLXNhV3VSS09SaFJ1azFsNndlU212Rk1CVnNiVDg4VTk2am9VLTUzYWdoLWRucUtIaldJXy1VVVFRR1NPYmtn0gGUAUFVX3lxTFBTM2s4ckVVcHpFVS1OU2M1RHN4UmRESU0wTnZ5OVpObS1fUnJlT0tvNGp3Mkd3dDRheldtd0Q0WGtSNTFpMm9PeGdvRnNtTUVfenBiMnJUSFlSYnRXQWRpR2hQajc3ZEo0X3ZtYnN4VExzcEtRakQ3bEVRcVAxTXpfbjlONndkWlFWb0xuaEVCRUh6c1Q?oc=5,"Sun, 08 Jun 2025 17:36:50 GMT",2025-06-08
8524493c4d4e41300812d9a78f109df6,granizo,oliveira do bairro,Carro cai ao rio em Albergaria-a-Velha - Correio da Manh√£,https://news.google.com/rss/articles/CBMihgFBVV95cUxOYWt4R0pSamhSajF5UGFNUnIwaUpRRHAwWHRUT1lGdlhKeS1SaDJSa1BwMWN4Si13aEV1MlZFTmFZMTlXMURQaXRIejRkWGwwSmY4MktHZER6Q3RhRGFraFpMOGRxTEJKVGphZDhIUzVMcmZhVElSbnVCNmNSWnRPWVFKaUoxQdIBgAFBVV95cUxOTnVXb3RxQk1EcUxpTkhaS3owLVVPc0M4dC11MFNpdmdKX2c1WTgzZHZab01OcHFPbUtJbV9NZUJKVlN3WmpGWGZDNkJiNEZXRHVwamkwVF8xNm1ZR0R5R21Oa3lweVhfaEZEM01PZjVFSXNpUmRUd3lWYzktSF91UQ?oc=5,"Sun, 08 Jun 2025 18:01:56 GMT",2025-06-08
49f6e97a69a5f0a715f3388ddd39b72d,granizo,oliveira do bairro,Encontrados em jardim dois rel√≥gios de luxo roubados das joalharias do Hotel Ritz em Lisboa - Correio da Manh√£,https://news.google.com/rss/articles/CBMivwFBVV95cUxQTEU3RXA2MmhDZUQzQTdYX3ctcnQ4OHo1RS1XaXVxWmlaRFZraUdDSnRPRDZWWjJmby1xdE5sNXRLakhfREU0bFRJdG15eGl5YVJwTmlpWVd2N3ZYUlcxRlFhWlpTLVFwcmlZUUhyNVV2anByWGp4TEl5dEVURWd6VjBLdHMtcjVSX0dkRFFMLWsya3RvcmFJUThsWWpTb3k2RzJlNkpTOVdha3hiWFAxZ2VwUUEzREViUTE0b1BoQdIBugFBVV95cUxQYnN4QWw4TGVKa1Bub1ZSV1oxUWNaYWYyMWJtWEJGY2ZvREk1dW1jak9PQlNmMm5CVEFEeHlqV3JpZDhqLThVejJOWHQ0OG5GLXcwcWRaVFdia1JMdGhSTXFHbFJpQ3Vpenkwd0oxSXFOVFl2aFpRR3RIek9zLXJ4UTFYTEdLVzJwLThFRlBfd1RvZ0Jybmt6SUVlSTRGRVB6amVDNWVQMG9hZTVqb1k4RXZfbG8tRTQxTFE?oc=5,"Sun, 08 Jun 2025 17:11:00 GMT",2025-06-08
be417cce483ab87355b000c778b94bbd,granizo,oliveira do bairro,Jovem de 17 anos desaparece no rio em Odemira ap√≥s mergulho - Correio da Manh√£,https://news.google.com/rss/articles/CBMiqAFBVV95cUxPQ2dOVkJORVFQOWVlYzhRM2sxeU1kMlR6WDhpYlZZTW8xY1I2YVk0TEpLTFB1TVJoWUw4M3czX0NfRGN0bTJVbDh3Q2I1b0FBankteVFDQjdLZ0pmZVQxa3FycEwzYVZUeHNKWkxDcFNBUEc4RzJ4NTFFNUtsQ0hyU29fNUpOYXhxZzRBb1FoZW11TVh0SFR5NC1weF9DWmRqX29Scmd1N3PSAaMBQVVfeXFMTzlGcHhqODZZM2NVMEhFbTJTUlA3NmszUGJWQXY3YXd1aW5vM09sbnFZOTQ0WkNxQnZZOURfTy1HZ1V5TEZaWHhzMmJYQk1lNUp3MnEwTGFDNGh5Y1BFcjZPb3Z1d3plLVFfVzVOMHV6dHJFd0Y3RGt3RDZwc0RHMFUzclVic2laSE03R3hCUm0tNEtEX2Fmb0ZfOUVKOG5UeEpHTQ?oc=5,"Sun, 08 Jun 2025 17:57:00 GMT",2025-06-08
48d17e1180c50633927fa2e3b3e3c999,granizo,oliveira do bairro,Mulher atacada com √≥leo a ferver pelo namorado em Palmela est√° gr√°vida - Correio da Manh√£,https://news.google.com/rss/articles/CBMisAFBVV95cUxOa2lNMXRsUml3MVhyUFM2VmlvazJWXzJNbmlaOGF5T05aX29wdFZDMndKTmRScG9VTUxKSVNScG1ZbWtQTnN3anRzQU95UExtR3Z1NVZOamV1YklPZ0N6SFljQ043dVJ5MEtNaV9jUS1lcUppTWkzREMxYUpCd0lnZ0ZtUTJkRnJzeUN3dGxSN2NCbVdlS3FkcHJ5MUpudVhDUURPTmNGc0s5bERqek4yNNIBqwFBVV95cUxQMGN1alU1NkFsZ2VuSnZXemE5Sjg3UWFqU1YxeHdLOHRDcWFDWnN0OFhaSEFXcXdMbjRiYnozX3FIa1pZQldHeHRpMHk3OEZnUXFpRnFRSDRfSEF3RmY1ejNVVUZsMExJazgzdVUtTGpIdHAzZ1BRNHh3dnJUb25aQkxxbnhmMnFzX3ZqZDZzek0tT3dKX2tkUFM5RFJlY2hPeXZaTUNvWGdQNlU?oc=5,"Sun, 08 Jun 2025 12:23:00 GMT",2025-06-08
2f2e744b8e4f139162fed93c4c70d6f7,granizo,oliveira do bairro,Agente da PSP agredido por autor de vandalismo em Loures - Correio da Manh√£,https://news.google.com/rss/articles/CBMingFBVV95cUxONl9yQVp1U21EbWdSTGtCckZ5UGdONTY2LUEtTmlVclVTYlpCclF0Q3V4cmhSUjNmQ0JDdExIMFdST2V2aDdCUl9jUm1lYnFNdlVIY1NXQ3AzMV9ZRXRJZzlxdTlRWFo2aGFVLWZOcFJ2NEJ1b2pOYkhoTXRnSzZjSXlkMVRNUkZuM2RjRXFnYktYaXkybHROM1p5RTdGZ9IBmAFBVV95cUxOcHZWaThhaExia3ZVVzhfNXlnV1lXWjVBRGNvVm5RV3M5TDV0UWNIcUkya3JjTmpPSDJjSDNnWTZydktPMzNmVkFqTkFFcXAydkQ1SDBuTUdORHVSWmVYTnMwamE2M0JXWElEazJ4cDBoMHdFYnp6TWd4U0RPOWZ6NUVsaDVsXzVOOTQ5ZmRtSEt5SllSaHMzbw?oc=5,"Sun, 08 Jun 2025 10:37:30 GMT",2025-06-08
d6bb7af1d6c78513984823292aa7a74c,granizo,oliveira do bairro,Jair ter√° assassinado Concei√ß√£o com pelo menos 10 facadas na barriga - Correio da Manh√£,https://news.google.com/rss/articles/CBMirgFBVV95cUxQbjVqeTJmUDRXRzVvUUlxR1ljc0tvRzNkSFJMRmRXLWFUYzZLZFBRa29jR2dfTmFZNVNQbll6VU1xUnREWDFSSEJXY0VHcExpZTdKUy1ZakNMT0gzdmFrd1ZpbklPQlVNVWhjTkU1X0lra2MzT3ZmbEhETXItMGNjc3RpdFF0TVY4SF9fMlA2c0xOY2doNUktX0VnTmNmRjJpMkZuSUVzMVpkNEhheWfSAagBQVVfeXFMT2xtQzU3dWk3akFrQ1g3TlRoR2FQQnZ0N0dMV2p3YTBORzdWWS1WZHlDcnNnSWpiUWFyLWtFdGlXcXlMd0lVYkZfM2wtWE1RcEh2TEVFV0ZvRVd2S2lNSzBMUk9pckp1RTNQZTB2dURiVHhPOVFNQTl5WFVYUmloT0NGZU16UzNCanRvZ25nZnpZOVIzTnJENEk5MWktdUlQM3NsNGFRTkZu?oc=5,"Sun, 08 Jun 2025 11:05:00 GMT",2025-06-08
ed058b2d3931700cd07cb485968c220d,granizo,oliveira do bairro,Homem de 50 anos morre ap√≥s ter sido violentamente agredido em Penafiel - Correio da Manh√£,https://news.google.com/rss/articles/CBMisgFBVV95cUxNT2N3RU1hLWUtODhSb3JlWVQ2Q3U4SEx5Zi1jN05aVi1HVlhXb0twb2o5aDlkRkJUMmU2YjdEYldJQWRqbTU2S29ZZXJJMUFmd2dINVRoSnc0b1N1TExCMi1ua1d2M2pLOWFQNVlCeHV5NGh4MkVzVTJKZHpaaHNQdzBRdHFkOGNKdEc3YU1TN00yakg5ZHNMVXZGU2o0YzBtQzZ0b21hRm1jeTZLSFVXQzdn0gGsAUFVX3lxTE1IeFZWWW1pYUYyN29BR2I3cE5YWlFvRWhBYlRvN2paczkxNUVvX2xELWxnYmZhVWk2ZmNOOWdEeDR5VTNlSm1zd1VZYTlGLXlDRzMySUZMV0d3eHVuZ09CY0pHamFVXzc5Wms5Z2RCdFZrUnZySnVVVUthMXlpQnVMZndRVVhNM2l1dl9NckVXUmFhM3o2ejJMNkNvQnZHZjRHRGZvYjlyUWlGUnA?oc=5,"Sun, 08 Jun 2025 09:44:00 GMT",2025-06-08
2df3d4ded5cbdd3df6f760f53f612fba,granizo,oliveira do bairro,Ex-banqueiro Morais Pires paga 233 mil euros por per√≠cia - Correio da Manh√£,https://news.google.com/rss/articles/CBMijAFBVV95cUxQeTgwMjlwZHJ2Nm91NWp3V0lKeHZ3WHlKVURfUmd2NWJiVEFyM0RMMTBHaHJadmhZWENpMWtndmNmbkVwdnk2NG1yR09iSHVRanZIcUdYN2loZWtCeGQ2WjJGTURwOWJMbXQ2ZERUNUVtZ05oOGhCNEd5al84UWhYZEczMF9XMFZjSV9KeQ?oc=5,"Sun, 08 Jun 2025 00:30:00 GMT",2025-06-08
6427169a90f0ca9a20c9aa6b8e491c95,granizo,oliveira do bairro,Pol√≠cia Judici√°ria det√©m em Leiria homem procurado na Su√©cia por danos com 'graffiti' - Correio da Manh√£,https://news.google.com/rss/articles/CBMiwgFBVV95cUxPbk5yaFVjSTRoOFpaUWpGNjl0TUpvN2JsYnN0WmNfcU9JenBWSU1pTnFBa1pRSnVUUktxdU9VYjFRTVRrdUNnMHc0aXhHNUVCMFQzNmU1VjNjOWo3YVJVSkEydXFrRHRBZzJJdWYtWGRjeS1ySjFmQjJWazRla1NoekJWWWlodURDaUQzVXZVejJZTmFBMEhDU19jUUxVc3d3aGlFR01jVjdPUF9zR0pFWkozb2FYRHZCbTgwbGFObGxHUdIBvAFBVV95cUxPejNLNUVickZULXBqYzc2blktNzRzT2V0OWl2OThLTDR2dWE5WEpBSHdpa3pVWHR3anVEbncwdEVuS1hFYzRDS0l5LUFiaTU0LWFqUDJ6Skt4Y21yTjFWd1NWWGlRMDZJRV9rR3RBNlB1YVJsdFAxcVBPOTNYenRxekZQSXhsTUhUQXNFQ1U2aVp2T2o1bkYzbExaaGhoRWZjNDFlbHJJUGlndHVQcWpuVllPbzNFNmVDd3VaLQ?oc=5,"Sat, 07 Jun 2025 13:35:03 GMT",2025-06-08
2a58a596a04deaa2549d44ac7e8ebb41,granizo,oliveira do bairro,Duplo atropelamento com fuga em Azinhaga dos Cucos: crian√ßas de 7 e 8 anos feridas - Correio da Manh√£,https://news.google.com/rss/articles/CBMiuwFBVV95cUxQNG9uTTFNVlRYWERkeEZSMTAwQlVIV0ZPa1VUYVFjaGZBbjAya2kwS0VkeWJkM2IxOWpLRm5OQ2dCZ2huOV9mWXRla3VrTm9fUmpYd3ZBbnFxb280TEstT05xRm81N1FLSVNEVmpDVFFCWThqNjBNamNVbGZNZWNuNTVpN3hncEJNZnFfbGdBQmp5YTkxNXhKbXZsX2wxcDU0NFNqWkRMS3h2NlZBdlV5NWFXRzFJM0REdEpz0gG2AUFVX3lxTE5tblRJcDNwNF80bG5zc2V0dkQ3bVAwMll1bzFMQTl1N1l2Tl9wd01raTBZMjB3TEV3b256OFFYdWd4OFBDeTJULV9obTdONDVWeEVlY3doRzVCY1dSZV95bHNyTWNFaGJYWlQxMDllcndoZEh2NEtOMHZDbTc1Ql8zYUdLZ3RRN0VVVUxUQnc5WHdIRGdHejVqOHpRUzZfTDlrLV90Y1VITmN4S3h2SHN6SjdCSGR3?oc=5,"Sun, 08 Jun 2025 18:11:00 GMT",2025-06-08
3def43f9c84d67cdc90e6de430848672,granizo,oliveira do bairro,Pris√£o preventiva para suspeito de s√©rie de furtos em Vila Nova de Gaia - Correio da Manh√£,https://news.google.com/rss/articles/CBMisgFBVV95cUxQZEQzZjROQ0szRksyN1ZPNWRlMTE5NDdzS2ZOM2NvUC0yVjh5RjdHdHJEUThma3BFMklMeXFiNl9lUGt0ekZBajh2MkRORk9lSDBzLUtvU0NoUGhMdHFqU09NVHQ2bkx5SGo4T0Q3ZnRXUGZIOTdNSlV3ZzRZMVJOVjhuU0gyNGpRc0ZDMXZnbWFXWUFKQk15elRPUnFJemtVakxmd0JxajM2ZWV0SWN6blBn0gGsAUFVX3lxTE9ybk1ueWcxbkl1UHJrS0N3WGoycjYzYXhETTRYZm51d1hQX2ZYeV90WDN6WWctX3V4VndqYmtnSEJLTGM4M1pMRXJOMXkxanREOFdQdWthcmN0eW1PZmRDa0hGaFRMRmRybzhmU3hjYTl4ZVhlbUdsUnVROXVrNXRnbzcta1U4WWlJZDVFSzVjdHl2QXFvWXNtODRBZURoRlRDaDBNZGJPNFVRQWo?oc=5,"Sun, 08 Jun 2025 16:17:14 GMT",2025-06-08
064274870f0b5fde2dd14a503b96867b,granizo,oliveira do bairro,Detido por atirar tijolo e partir m√£o a agente da PSP de Sintra - Correio da Manh√£,https://news.google.com/rss/articles/CBMipwFBVV95cUxPZHpGNk1BZnBWUF9XTFRRNmt4WEZnSWhLMUxxTlNuRm94UFByWGtHclVBTXJmQ2N3WTZ3OFZablBDekN5djE2RzJCZjNTcENFaXJtWkFlM0JicTZHYXpwN3NwbDZ6WTVxbXNMRUwyZDA2RmZHQVR5Vy1PaEliQ3VCcEtMV1lZbVluODV0eUE5SkdVRTdNclYwQTRNVWZCWjBQTk41UG9YQdIBogFBVV95cUxPX1NIUnh1RUh5TUNMNlNFTGxoNjlmTmJDeGQ2d3ZzdzBVdGdjQndPT3FOMFNMeHRNVlpxNU5ZSUdXOTZ6MkdjcGZBMEpSTDdRb3pzXzExUzRaM1RWNnN5M0YzMDJEOFdZVzhSbFZ2WGtPUEFVa3NuZnJWMFdOOER2eE9MdFBxbFYyZXBEYzdFbFVmSWlOTzQ0SEVSMXVZN2JmZEE?oc=5,"Sun, 08 Jun 2025 11:22:00 GMT",2025-06-08
91ae16ad05069f536726857f32fd230d,granizo,oliveira do bairro,Idoso condenado a seis anos de pris√£o por tentar matar a mulher e a cunhada √† marretada em Santar√©m - Correio da Manh√£,https://news.google.com/rss/articles/CBMi1wFBVV95cUxQeXRzbTJoUVptS2x0Mk9CM2JXa201ZGRZa1hxLWtVLWNTSDN3NkpRNmc5VU94Y01ERWVwTUljLVptMTdPVVVKYU1nLXFFQ29yYlV4aWdkUURscGRYb0haZ0JPYXZKc0xrUHhyeVZzN3cxandpaWtfaEwtQzBiTjNZRWhfQzZvVUVHZnR1VmlEOU5vdVh4aUEzMFEtSDVlZTBKd09yN3ptemdKU3M1N3E3SnpoNHpiaTNWYmowZ1YxN3BjaG9Xc3p3NlpEUlo0QVpoYUVVWlZMMA?oc=5,"Sun, 08 Jun 2025 00:30:00 GMT",2025-06-08
85dade28a2bbf0f4b99a9cc1a4083a72,granizo,oliveira do bairro,Homem morre colhido por comboio junto √† esta√ß√£o de Vila Nova de Famalic√£o - Correio da Manh√£,https://news.google.com/rss/articles/CBMitAFBVV95cUxPOG1tUkhuWVJJeWtCY3Q5U0oyX0puU05nSEdmaU1SejRQQ04zeUU1UW55d3V5dXFPbUJjTFhQZGx0N3RZRnhiUGVBeFBzRHZPQW9DamY4TmZrQ2VqbHhCeW9nbDFER0wyNWpiN2drV2RTLTNUaVFQeVBUN3RSeEdmQnRMc1FZVlZROWRfOTB5aVlZelhmYmFhVEZRYm0xRE4xYnlBLU4xMWZJQ1M4Ym56N0Y3d3LSAa8BQVVfeXFMUHo2R3dqSDdmNVZBV0xWZ0Z4WU12VFR4S1F0TElNYTJ1XzNhQ2hadlAwZW42TE05WjBpT1g2Q0NEa2lRczB0RzZYejVLekNIeGFrcEpERTFTbmQ2V0hubWdtZDZvYnRhMFNyN2FSM0hvUlVtTFVIYzVveVd0dGFrRGpyY0pVVFhlbXJLVzI2UVhka1FEVmZsSUk5NXBLUkFEVTdGMkk0R0llVmMycVVUUQ?oc=5,"Sat, 07 Jun 2025 18:51:59 GMT",2025-06-08
f032584a41f9605738cccc21cd1d4d4c,granizo,oliveira de azem√©is,Dois feridos em colis√£o em Oliveira de Azem√©is - Correio da Manh√£,https://news.google.com/rss/articles/CBMikAFBVV95cUxQWGl1ZW1za3ozOGE1X3ZCMU54dVpWeDA4cjk1ekxleXFhYXlwUkxVdktyNVNjamZzb1VXdmNfVlRfWUR3ZzNMczRqOXlVRWhremZ5QzNXMGQ3aW9ydGthYnBFQlU3ODI3U1JHS3l5bGtrelRvV1BaeVlSUzkwcERnakR4MC01amlnbjRodkZZQjbSAYsBQVVfeXFMT20xaHdfUGcxZkZONHI0dmJkd3hPRE1WOG1mZjh0Z3dPeHNNRndrTmx4MnBVWmxHcUtqTEstM1E0cFJkaHhzU0tCYnFuTGNia1RnVW93ZUFMVUZXZV9BQ0M5X3hIMkpkV1BEbFV4d2dPYXdVeVZZQWhJZHE3dEVOTzJlWEVlQm5vS2ZSUQ?oc=5,"Sun, 08 Jun 2025 20:06:11 GMT",2025-06-08
f93ce98b82d36e1eb970b4ec58a16cc2,cheias,faro,Casa cheia em Faro na vit√≥ria das √°guias - Liga Portugal,https://news.google.com/rss/articles/CBMihgFBVV95cUxOVDFuOUlLaU1QUEZQSEN0VU0zMUN0MEF1RTlNRmFCM3JyWjh6clZFNG1VVjdVM0xGSDRlZTY0VVlVVmhheGdRQ3FwaFdER2V2NFV1TEUwaXlncU52WURhLTV0cEtMMnY5M09tWk9wVl9RcUJfQlJoRVZJUnVGeEFTQ0JBQ21wQQ?oc=5,"Sun, 08 Jun 2025 06:44:22 GMT",2025-06-08
50d6bb81ab9b9f31989163f0810527e1,cheias,Ilha de Santa Maria,Conselho de Ilha de Santa Maria prepara visita estatut√°ria - RTP A√ßores,https://news.google.com/rss/articles/CBMikAFBVV95cUxQQ3hSdi1rOTJuVHAzVVdQT2NwX3BJUGtYSjdSRFBpNFZhWU9vajhpYWZOTEU0dDhPMTl6WE5iMGZLQnQ2dVNmMXBoY09GSjlPQTZmenpfUF92WU12TTd2anhNb3c2d3dFNzhVUXJ1OWxPUy00dVFZT1NHTHA2MjdvT3dKcFNhLVVDQmZSMGk0Vmc?oc=5,"Sat, 07 Jun 2025 19:20:00 GMT",2025-06-08
e2e94df2eb389e0f61a239ebd40b958d,granizo,Moimenta da Beira,Inc√™ndio em armaz√©m provoca morte de 19 animais em Moimenta da Beira - Correio da Manh√£,https://news.google.com/rss/articles/CBMirgFBVV95cUxOdjJBeDkzTHNfUUZubzJVX1pQUFRqVkZ6cXVDZzdjdFFwcHNrX01aSkExTC04Y2dxOGVYc2ltSFZTYU5WMTBSd19RWUIxczRPbzUzWjg5QWZhazR3QUJYYUluWnRQRlE5bEFrWTBLNDM2VF9JX0FZTUhCN3ZQcVlPYnBxQmpXbU1MOFp6X01GYUxZY0pzdDZVVk5xblRsR3NRSE10bHFnMVJoT0pfbkHSAagBQVVfeXFMTnhFOG1LUXlPZmQyOUt3VkFMa08xT0pwTXVfRWdQa1BzbEg2OWluRmVveGdJNnpYWHhJUUdjZEVwYng5Y1NsWW5hS2RBOFhvazI1eHhsOFRHWm5Wb05BTk5Fa3FkWmlQMXllelpJeS1rLW81Rm9fNjI2NnpFUG1FUExRTmo2S3dOZ0dpOVdzbnBJWU1pWGtfRmVodXJpSzVjQXNIejZ3LTFS?oc=5,"Sun, 08 Jun 2025 13:53:36 GMT",2025-06-08
8b06d69606af500a8e2a40fa95076b5c,cheias,Vila Verde,TRADI√á√ïES (Minho) - Vila Verde. Multid√£o em Mix√µes para celebrar Santo Ant√≥nio e a secular b√™n√ß√£o dos animais - O Vilaverdense,https://news.google.com/rss/articles/CBMitAFBVV95cUxOdTFONzlMMUJRSS1Fbm9yeHJaaGl4dEIwQ1hRblZTY2lsVk1JTWpIem53YzVvT0pYaUpPSVdRZEVHSnlZX3UxZHliVjFpeW5MWW1HQWZ3a2I3eUlqUVFQSFpXcnZTaWxjeVNKZm5TeUtqVFlmMHhKR3VqYTZZWUR4T09EeFh5N2NsY0lhVXJXYkJCWHlMbXY2MVN4RTd2ejBXUDlQaHFFbVkzU24tRG5NUTRTLTg?oc=5,"Sun, 08 Jun 2025 13:21:00 GMT",2025-06-08
f3f47bb6b7a65628fa2b09e070269d27,cheias,Santa Comba D√£o,Caminhada solid√°ria apoia os Bombeiros de Santa Comba D√£o - Jornal do Centro,https://news.google.com/rss/articles/CBMikgFBVV95cUxNVGJYQnF4V1NpRjRSWnVlWDlUN244SkcwcFdFNFd4MmVoWXI3OW55SGpma1YycmJEcEo0SVJacjJGR1ViWUVfR0tpRWIwRnhNeVBIOUhWVDlEbF9UYlVqZnNSbHREd0lEdmxfZTQ1WG5PbWxGRnloMHhXcTE0b2RvcWQ0bTFOX1E5SkhEZFctRzlFQQ?oc=5,"Sat, 07 Jun 2025 07:25:15 GMT",2025-06-08
c2faf0b05a32946439112a23513195e4,neve,sesimbra,Praias de sonho em Portugal para levares as tuas f√©rias a outro n√≠vel - Magazine.HD,https://news.google.com/rss/articles/CBMilAFBVV95cUxNNEotaENMZlkzLUMtQnd4ck9fR2VtLXZZVS16NFMtTmwtakRsNFhkWkxTNUhmVkpSTzBCc3ZoWU5xQU96ZmpCM1NsUkpQTGxUS0dobm05QnJ6TUlaR0h0anRFNWF6eGRUaU1SdzdsSHdyQzdHYWQ3UWZqajhNNTlHZnJXTWg3X3BSNTl4NnFla3lkcjlG?oc=5,"Sat, 07 Jun 2025 18:00:13 GMT",2025-06-08
9787cbc5c2a6eb8a6cc759e5719f2a75,cheias,batalha,Jogo hoje Portugal x Espanha: final da Liga das Na√ß√µes; onde assistir - Carro.Blog.Br,https://news.google.com/rss/articles/CBMiowFBVV95cUxNbzNKd2g3WG9vSnRJOHBIZlVPT01DdS1GNGdSRWNaQ1dGcmdBZ2tDS1lOZGhDM0I3N2lkVGk1dVBWQjA0Wl9UN0R4SW4zZDVhRy1nZlJwNWNCbEhMRGZrZVc0T2N0bEFXT290OXJ6WnNaZEN5VUptTXd3NS1tVmY2ZjA3TzdzcW9EdXh3VjV1YWlER3g3SXRVckVNQ19IZ1ZnTEJR0gGjAUFVX3lxTE1vM0p3aDdYb29KdEk4cEhmVU9PTUN1LUY0Z1JFY1pDV0ZyZ0Fna0NLWU5kaEMzQjc3aWRUaTV1UFZCMDRaX1Q3RHhJbjNkNWFHLWdmUnA1Y0JsSExEZmtlVzRPY3RsQVdPb3Q5cnpac1pkQ3lVSm1Nd3c1LW1WZjZmMDdPN3Nxb0R1eHdWNXVhaURHeDdJdFVyRU1DX0hnVmdMQlE?oc=5,"Sun, 08 Jun 2025 18:09:03 GMT",2025-06-08
ac865ccf77b607be3e903c01d948ddae,granizo,amares,IPMA prev√™ aguaceiros com queda de granizo e trovoada para amanh√£ e feriado 10 de Junho - O Amarense ‚Äì Jornal,https://news.google.com/rss/articles/CBMirgFBVV95cUxObnBoRVV1b1R0ZHNmUnd3WDdsUk5RWElGdlV3clN3LXdwOWI3enFqeDJXVHV1b2xDVTM1Zkd6VEtEeDJZQlpValpRYjRuWlgyeUFfY2JTRlNlNGFWTXZhdFNpZ2lMU3ZKSUVjeHpYQ2JTQlBWZjV3X0pCNnN4M0FPWVRYY0pUT1dhc2pYSlJiUUVtYk1kbF9yQ1lDLU9RZHQ2YXBVdXQ3ZzZaSlplT1E?oc=5,"Sun, 08 Jun 2025 17:28:00 GMT",2025-06-08
d920f61ed31c7d08f8c56c67d6bac70a,inunda√ß√£o,s√£o pedro do sul,Prefeito de J√∫lio de Castilhos preside reuni√£o extraordin√°ria da AMCENTRO - Alcir 61 -,https://news.google.com/rss/articles/CBMimgFBVV95cUxOeWtrS1hlOFNKSnlqbkRNNUF1MmdJQTdnZWxQYm9xdHM0eXV5em13ZmlLVlp5ZTVtX0lNR3R1azRMZmRaWEpfZTJ4MXVKZTFlblhBcks3U0JvWV9uUmhVdDI2MDctVVNkY2l4ak9QY3hBRmsweHJSSzJlTm9KN1Ewd2tTNThoRFl5LUY0bFFocFhfc19kbUNaQThB?oc=5,"Sat, 07 Jun 2025 10:16:36 GMT",2025-06-08
0b0f67be9632ccdd56557f8d25704091,tempestade,Campo Maior,"Tempo severo, com fortes trovoadas, risco de granizo grande e at√© tornados - potencial tempestade no Dia de Portugal, 10 de junho de 2025 - Luso Meteo",https://news.google.com/rss/articles/CBMifEFVX3lxTE5EZWUzbV9sb3FrWmpxN0NkRkpKX3pLM0xxVjJzZEtfR2Roc09Gek5HaU9HNlJsQTF5ZU1fZGh3NXNhb0FLa2FVVUMxYnZXdTB4WVlZRThwNzRMamtfQURjS2d1RmVLN09Cb2FzbE01VDNoSjNZV0tLakJpSVk?oc=5,"Sun, 08 Jun 2025 10:29:42 GMT",2025-06-08
0b0f67be9632ccdd56557f8d25704091,tempestade,campo maior,"Tempo severo, com fortes trovoadas, risco de granizo grande e at√© tornados - potencial tempestade no Dia de Portugal, 10 de junho de 2025 - Luso Meteo",https://news.google.com/rss/articles/CBMifEFVX3lxTE5EZWUzbV9sb3FrWmpxN0NkRkpKX3pLM0xxVjJzZEtfR2Roc09Gek5HaU9HNlJsQTF5ZU1fZGh3NXNhb0FLa2FVVUMxYnZXdTB4WVlZRThwNzRMamtfQURjS2d1RmVLN09Cb2FzbE01VDNoSjNZV0tLakJpSVk?oc=5,"Sun, 08 Jun 2025 10:29:42 GMT",2025-06-08
1475e6cd302b17b73021ba05ff5042e7,chuva,fronteira,Descubra a cidade em Portugal que se ergue no interior de muralhas e onde chove a cada tr√™s dias - postal.pt,https://news.google.com/rss/articles/CBMiwgFBVV95cUxORmpPUnJGdG56ckVuc2tYMW80am1UQTZmNkVlZ1B0TTFENE5RbDBDQm1VM3VkaGozOTR6NHNIT05WVGNBblRrVVk4cEdDcHY0alE3QWRJTjFmQ3dRdFhKVDhBdnUwOWZValZFdGxLUW5oczVfU2x0Zjd0WlFMTjU0ZFJiR2o0WldpSTNablJ0Mk9jYXVpYUJNU0hmZ01Zcmtpa0VWMXJsQ09EY1M4RDZfTjRMb3k2V25XZUlIa2ZwU1k0UQ?oc=5,"Sat, 07 Jun 2025 16:24:03 GMT",2025-06-08
534a114bfc7077a2d68a7b0197b83d9c,chuva,t√°bua,Veja como fica o tempo e a t√°bua de m√°res neste fim de semana em Natal - Natal Em Foco,https://news.google.com/rss/articles/CBMiqgFBVV95cUxPeFpnQ2xOd0JUMC1fNEhOeExkM3FGeC1tQTVQc2ExOWp1T2VVZURFdXYtQ2tZU19TVXJhaUJqdWsxaFVPU2l3aFBHZ0ZwVzNYdGFpakp1QVE3ZFo5VVk1WHZEOEpoOXh4ZW1ycVRiNHV4WGUtZDZ1U3FNVXNLb3QxYThISWdTY3pxRDZwak9meFQyczlGU0JhQTRmR3dIejZhdGFCQ0plcDl2dw?oc=5,"Sat, 07 Jun 2025 10:07:06 GMT",2025-06-08
50815fbdc48f33754d078830f33d142b,chuva,Vila Nova de Cerveira,Alto Minho: Term√≥metros v√£o subir 13 graus em dois dias (depois vem chuva e trovoada) - R√°dio Vale do Minho,https://news.google.com/rss/articles/CBMitwFBVV95cUxNdzB5ek10dGJqZTYwc2ZjdFpOMlZQRFFLcHNWcTQ0cmZQX0hsX2hWd3MwQ1dLQ3l5VWhMa3FzTEk3bHpXUTNNZHlYT0psY1RGdUNUVEljMmdpWXBRTjMzcTF0U2tZNk52eDlTdV9FY0ZXNnR1MzNFd2E2aVI2QUNqaWtNWVExODhBRnhnUlFKM1lja1k4S0Z4QUw3YWMzNmd1U2pwLTZrQ2RIVGdPZGFGcXdPR2hWVmM?oc=5,"Sat, 07 Jun 2025 10:18:14 GMT",2025-06-08
cae14aac98a4918add67a273dad0df23,chuva,oliveira do bairro,"""Vamos sempre fazer chover dinheiro"": An√≠bal Pinto apresentou candidatura √† C√¢mara do Porto com chuva de notas - Expresso",https://news.google.com/rss/articles/CBMijwJBVV95cUxPcFlfNDhTMkE3NzY2cXZpNWEyc2taZVRuTnBESlRXVWk0UUxpaENhTzI3bENXSUNNODBOTmhZNmFZZWpTekV6eW03YWo0NzJnZ1pkSzRGUmVUZWlHNDBfNHB3Mm4zd2hVem50bUZyMGFZd0pGZXZlYkpoVVBfZkJZLTRzTUthVndYcXFLTEpfMVlZQ2pWZjhCZkhaUXRfUUJlVzRzVFJ0ZVdlSllIamludVZuRDZYQXA1OGRDUm0zci1BMkVRZElkV2RtenFaZ3RLMlRiUEU2cUtZQ3NqdzNrMDBpYll0dGRONTVDejVBcWVxMi1NbWg0NFF4XzBqRDJXYmozTlB5R0c0MFZGeXlB0gGUAkFVX3lxTE5pdkJDNFpNdjl2WExvZWlNWFJsMWVfeE8xeklic1RGdkkyVDB2ZTVBdktmOTdoREZnTGdEU0VpbFdZSjFqN0ZzS0haYmgxX3BFanFPMEYxTmUtYTktWmJwNXFCcUtfQXh0TnE2OEl0N2wtSTU1czB4MVZ5WU9kVTdOcndoZFNiN0lIa3NKODVFR0xQbEktMHhWN21OUTZzOWZHZGxlcVNhUXpvVjBNTF9TbEdKVmhLc0ZaaDRrMm9lSHpPQVg4WHNPeGRYSEhTS2pRNXplTWpKb1pMYjBpazVxcFRPeEJ5eDNVd3k2Zk5WZmtiWUVuT0RGZDhjNkRfV3NRVTlMNGtwUGEzNm9lcjJhczhIWA?oc=5,"Sat, 07 Jun 2025 20:24:37 GMT",2025-06-08
c8e827e8c7a7033505c973ae330538a8,chuva,Vila Nova de Paiva,Inc√™ndio em armaz√©m provoca morte de 19 animais em Moimenta da Beira - Renascen√ßa,https://news.google.com/rss/articles/CBMiugFBVV95cUxQY19tblVPSF9YX291SVJ4QU5kZHgtZ1M2Y0pGRldXOEJQUEZRWjAwVmpXLWhGRjE2MGRwTnQ2cU5UOFIzOXV6UmVSbnpiSnBZc213a2NPRzg5M1h1eWpPR2pNSmhXVnl5Sk5pUmZZYlhJc3RWRE5SSS1WaHY4dGJnUjdudkwxdmkzcTlZV1NfTDFSazhFMGZaLTktQnN4dFBhQXVoU2o3VmdZS2V2a0V2X2d6WXFXdHRYUEHSAboBQVVfeXFMUGNfbW5VT0hfWF9vdUlSeEFOZGR4LWdTNmNKRkZXVzhCUFBGUVowMFZqVy1oRkYxNjBkcE50NnFOVDhSMzl1elJlUm56YkpwWXNtd2tjT0c4OTNYdXlqT0dqTUpoV1Z5eUpOaVJmWWJYSXN0VkROUkktVmh2OHRiZ1I3bnZMMXZpM3E5WVdTX0wxUms4RTBmWi05LUJzeHRQYUF1aFNqN1ZnWUtldmtFdl9nellxV3R0WFBB?oc=5,"Sun, 08 Jun 2025 11:59:00 GMT",2025-06-08
cae14aac98a4918add67a273dad0df23,chuva,porto,"""Vamos sempre fazer chover dinheiro"": An√≠bal Pinto apresentou candidatura √† C√¢mara do Porto com chuva de notas - Expresso",https://news.google.com/rss/articles/CBMijwJBVV95cUxPcFlfNDhTMkE3NzY2cXZpNWEyc2taZVRuTnBESlRXVWk0UUxpaENhTzI3bENXSUNNODBOTmhZNmFZZWpTekV6eW03YWo0NzJnZ1pkSzRGUmVUZWlHNDBfNHB3Mm4zd2hVem50bUZyMGFZd0pGZXZlYkpoVVBfZkJZLTRzTUthVndYcXFLTEpfMVlZQ2pWZjhCZkhaUXRfUUJlVzRzVFJ0ZVdlSllIamludVZuRDZYQXA1OGRDUm0zci1BMkVRZElkV2RtenFaZ3RLMlRiUEU2cUtZQ3NqdzNrMDBpYll0dGRONTVDejVBcWVxMi1NbWg0NFF4XzBqRDJXYmozTlB5R0c0MFZGeXlB0gGUAkFVX3lxTE5pdkJDNFpNdjl2WExvZWlNWFJsMWVfeE8xeklic1RGdkkyVDB2ZTVBdktmOTdoREZnTGdEU0VpbFdZSjFqN0ZzS0haYmgxX3BFanFPMEYxTmUtYTktWmJwNXFCcUtfQXh0TnE2OEl0N2wtSTU1czB4MVZ5WU9kVTdOcndoZFNiN0lIa3NKODVFR0xQbEktMHhWN21OUTZzOWZHZGxlcVNhUXpvVjBNTF9TbEdKVmhLc0ZaaDRrMm9lSHpPQVg4WHNPeGRYSEhTS2pRNXplTWpKb1pMYjBpazVxcFRPeEJ5eDNVd3k2Zk5WZmtiWUVuT0RGZDhjNkRfV3NRVTlMNGtwUGEzNm9lcjJhczhIWA?oc=5,"Sat, 07 Jun 2025 20:24:37 GMT",2025-06-08
1475e6cd302b17b73021ba05ff5042e7,chuva,Fronteira,Descubra a cidade em Portugal que se ergue no interior de muralhas e onde chove a cada tr√™s dias - postal.pt,https://news.google.com/rss/articles/CBMiwgFBVV95cUxORmpPUnJGdG56ckVuc2tYMW80am1UQTZmNkVlZ1B0TTFENE5RbDBDQm1VM3VkaGozOTR6NHNIT05WVGNBblRrVVk4cEdDcHY0alE3QWRJTjFmQ3dRdFhKVDhBdnUwOWZValZFdGxLUW5oczVfU2x0Zjd0WlFMTjU0ZFJiR2o0WldpSTNablJ0Mk9jYXVpYUJNU0hmZ01Zcmtpa0VWMXJsQ09EY1M4RDZfTjRMb3k2V25XZUlIa2ZwU1k0UQ?oc=5,"Sat, 07 Jun 2025 16:24:03 GMT",2025-06-08
c8e827e8c7a7033505c973ae330538a8,chuva,vila nova de paiva,Inc√™ndio em armaz√©m provoca morte de 19 animais em Moimenta da Beira - Renascen√ßa,https://news.google.com/rss/articles/CBMiugFBVV95cUxQY19tblVPSF9YX291SVJ4QU5kZHgtZ1M2Y0pGRldXOEJQUEZRWjAwVmpXLWhGRjE2MGRwTnQ2cU5UOFIzOXV6UmVSbnpiSnBZc213a2NPRzg5M1h1eWpPR2pNSmhXVnl5Sk5pUmZZYlhJc3RWRE5SSS1WaHY4dGJnUjdudkwxdmkzcTlZV1NfTDFSazhFMGZaLTktQnN4dFBhQXVoU2o3VmdZS2V2a0V2X2d6WXFXdHRYUEHSAboBQVVfeXFMUGNfbW5VT0hfWF9vdUlSeEFOZGR4LWdTNmNKRkZXVzhCUFBGUVowMFZqVy1oRkYxNjBkcE50NnFOVDhSMzl1elJlUm56YkpwWXNtd2tjT0c4OTNYdXlqT0dqTUpoV1Z5eUpOaVJmWWJYSXN0VkROUkktVmh2OHRiZ1I3bnZMMXZpM3E5WVdTX0wxUms4RTBmWi05LUJzeHRQYUF1aFNqN1ZnWUtldmtFdl9nellxV3R0WFBB?oc=5,"Sun, 08 Jun 2025 11:59:00 GMT",2025-06-08
24fe376e078716cbb74043c786fe17ee,tempestade,Albergaria-a-Velha,MARIA XVI - terranova.pt,https://news.google.com/rss/articles/CBMid0FVX3lxTFB6NHZhUTJLc00yczdObjlobVR3cGFMNG01Qk1uT0NNS3B3dVRjczdJRDdJdGh1ay1iTFFXelhRTXJCb1hOTEZkbjI5b2J3RTdURkFOLTNlb2ppSVpHLUxpVVdEVjJvSzNSU0w4N2l4RlVEVV8xdlk0?oc=5,"Sat, 07 Jun 2025 18:00:04 GMT",2025-06-08
9b1e63b07f30d9595fab47dff019f048,tempestade,Albergaria-a-Velha,Eles comem tudo: Direitos Humanos na Palestina - terranova.pt,https://news.google.com/rss/articles/CBMipAFBVV95cUxPenY0QnlScTJlbHFjcjk2YWhYSXdrSXhSc3paamdYZndTZE5xUWxaSy1Zekw0R25ReGs1UHR6MVQybEoyRzJfcUI1VWlCenpTRmFtUnFyaDU4dHVReldyVk8ydC1ENDBOb0NicHZsVGh0R0ZOQmg3UURXRE56M2hMeUt2MlBfeThRYnRPT1pHbmhWajd1WFlfMy1DZ3BYTUR0eXRIdA?oc=5,"Sat, 07 Jun 2025 23:27:54 GMT",2025-06-08
c8e827e8c7a7033505c973ae330538a8,chuva,moimenta da beira,Inc√™ndio em armaz√©m provoca morte de 19 animais em Moimenta da Beira - Renascen√ßa,https://news.google.com/rss/articles/CBMiugFBVV95cUxQY19tblVPSF9YX291SVJ4QU5kZHgtZ1M2Y0pGRldXOEJQUEZRWjAwVmpXLWhGRjE2MGRwTnQ2cU5UOFIzOXV6UmVSbnpiSnBZc213a2NPRzg5M1h1eWpPR2pNSmhXVnl5Sk5pUmZZYlhJc3RWRE5SSS1WaHY4dGJnUjdudkwxdmkzcTlZV1NfTDFSazhFMGZaLTktQnN4dFBhQXVoU2o3VmdZS2V2a0V2X2d6WXFXdHRYUEHSAboBQVVfeXFMUGNfbW5VT0hfWF9vdUlSeEFOZGR4LWdTNmNKRkZXVzhCUFBGUVowMFZqVy1oRkYxNjBkcE50NnFOVDhSMzl1elJlUm56YkpwWXNtd2tjT0c4OTNYdXlqT0dqTUpoV1Z5eUpOaVJmWWJYSXN0VkROUkktVmh2OHRiZ1I3bnZMMXZpM3E5WVdTX0wxUms4RTBmWi05LUJzeHRQYUF1aFNqN1ZnWUtldmtFdl9nellxV3R0WFBB?oc=5,"Sun, 08 Jun 2025 11:59:00 GMT",2025-06-08
cae14aac98a4918add67a273dad0df23,chuva,Oliveira do Bairro,"""Vamos sempre fazer chover dinheiro"": An√≠bal Pinto apresentou candidatura √† C√¢mara do Porto com chuva de notas - Expresso",https://news.google.com/rss/articles/CBMijwJBVV95cUxPcFlfNDhTMkE3NzY2cXZpNWEyc2taZVRuTnBESlRXVWk0UUxpaENhTzI3bENXSUNNODBOTmhZNmFZZWpTekV6eW03YWo0NzJnZ1pkSzRGUmVUZWlHNDBfNHB3Mm4zd2hVem50bUZyMGFZd0pGZXZlYkpoVVBfZkJZLTRzTUthVndYcXFLTEpfMVlZQ2pWZjhCZkhaUXRfUUJlVzRzVFJ0ZVdlSllIamludVZuRDZYQXA1OGRDUm0zci1BMkVRZElkV2RtenFaZ3RLMlRiUEU2cUtZQ3NqdzNrMDBpYll0dGRONTVDejVBcWVxMi1NbWg0NFF4XzBqRDJXYmozTlB5R0c0MFZGeXlB0gGUAkFVX3lxTE5pdkJDNFpNdjl2WExvZWlNWFJsMWVfeE8xeklic1RGdkkyVDB2ZTVBdktmOTdoREZnTGdEU0VpbFdZSjFqN0ZzS0haYmgxX3BFanFPMEYxTmUtYTktWmJwNXFCcUtfQXh0TnE2OEl0N2wtSTU1czB4MVZ5WU9kVTdOcndoZFNiN0lIa3NKODVFR0xQbEktMHhWN21OUTZzOWZHZGxlcVNhUXpvVjBNTF9TbEdKVmhLc0ZaaDRrMm9lSHpPQVg4WHNPeGRYSEhTS2pRNXplTWpKb1pMYjBpazVxcFRPeEJ5eDNVd3k2Zk5WZmtiWUVuT0RGZDhjNkRfV3NRVTlMNGtwUGEzNm9lcjJhczhIWA?oc=5,"Sat, 07 Jun 2025 20:24:37 GMT",2025-06-08
cae14aac98a4918add67a273dad0df23,chuva,mora,"""Vamos sempre fazer chover dinheiro"": An√≠bal Pinto apresentou candidatura √† C√¢mara do Porto com chuva de notas - Expresso",https://news.google.com/rss/articles/CBMijwJBVV95cUxPcFlfNDhTMkE3NzY2cXZpNWEyc2taZVRuTnBESlRXVWk0UUxpaENhTzI3bENXSUNNODBOTmhZNmFZZWpTekV6eW03YWo0NzJnZ1pkSzRGUmVUZWlHNDBfNHB3Mm4zd2hVem50bUZyMGFZd0pGZXZlYkpoVVBfZkJZLTRzTUthVndYcXFLTEpfMVlZQ2pWZjhCZkhaUXRfUUJlVzRzVFJ0ZVdlSllIamludVZuRDZYQXA1OGRDUm0zci1BMkVRZElkV2RtenFaZ3RLMlRiUEU2cUtZQ3NqdzNrMDBpYll0dGRONTVDejVBcWVxMi1NbWg0NFF4XzBqRDJXYmozTlB5R0c0MFZGeXlB0gGUAkFVX3lxTE5pdkJDNFpNdjl2WExvZWlNWFJsMWVfeE8xeklic1RGdkkyVDB2ZTVBdktmOTdoREZnTGdEU0VpbFdZSjFqN0ZzS0haYmgxX3BFanFPMEYxTmUtYTktWmJwNXFCcUtfQXh0TnE2OEl0N2wtSTU1czB4MVZ5WU9kVTdOcndoZFNiN0lIa3NKODVFR0xQbEktMHhWN21OUTZzOWZHZGxlcVNhUXpvVjBNTF9TbEdKVmhLc0ZaaDRrMm9lSHpPQVg4WHNPeGRYSEhTS2pRNXplTWpKb1pMYjBpazVxcFRPeEJ5eDNVd3k2Zk5WZmtiWUVuT0RGZDhjNkRfV3NRVTlMNGtwUGEzNm9lcjJhczhIWA?oc=5,"Sat, 07 Jun 2025 20:24:37 GMT",2025-06-08
340557ba3469ee5901c0a2a971a7449f,chuva,Proen√ßa-a-Nova,Portugal termina prepara√ß√£o para a final com Ramos de volta e Proen√ßa a ver - Renascen√ßa,https://news.google.com/rss/articles/CBMi4AFBVV95cUxPa3czamZ3QnljWkxNeGZhQ3NfMy02a3ZXckFpZHFUWGhYQ05YVFRmcDdYc3pKRzJ1MlZvMXJsLUQ4ZGQ2V0dQTGtKRGJrbVZnWEtLaDZpckxZaXUxczJtYmF4N3oweXpUS1RWUmFzdWFXWTNHMFZuaFh1alI3eDlNZnhZdW52aXZwRzdYbU9sMklEdFY1WHMyVUEzUE9jNnNvby1kVEZJNjNjR05VNU5samF4b1l2cEMyaWtnQ2dPUTN6SU1iWXVtcW4wWk1Zcy1YX0ZSRGM5T3hFQXBWaVJTT9IB4AFBVV95cUxPa3czamZ3QnljWkxNeGZhQ3NfMy02a3ZXckFpZHFUWGhYQ05YVFRmcDdYc3pKRzJ1MlZvMXJsLUQ4ZGQ2V0dQTGtKRGJrbVZnWEtLaDZpckxZaXUxczJtYmF4N3oweXpUS1RWUmFzdWFXWTNHMFZuaFh1alI3eDlNZnhZdW52aXZwRzdYbU9sMklEdFY1WHMyVUEzUE9jNnNvby1kVEZJNjNjR05VNU5samF4b1l2cEMyaWtnQ2dPUTN6SU1iWXVtcW4wWk1Zcy1YX0ZSRGM5T3hFQXBWaVJTTw?oc=5,"Sat, 07 Jun 2025 15:55:00 GMT",2025-06-08
320ab6890c6e8ed753c4d2bbd0c3ebb3,chuva,horta,Os novos hot√©is e turismos rurais de Portugal - nit.pt,https://news.google.com/rss/articles/CBMihgFBVV95cUxNQmNJM2l2MHNaTXBROTJoV3lqX1VmRUlRWEZLUjQwR0pjQmVVdzdqSnR1R2Etam81TDFOMTJCVERVT2xmcXB4N0xqc0doZ3A1ZWl3MEpfOXNRbXI0TlljWF93aDVzZVdaa3Z2SDJVUXl1bzVEaEQ3R2Y5QUtyaGM4c3hCV0ViZw?oc=5,"Sat, 07 Jun 2025 13:16:41 GMT",2025-06-08
50815fbdc48f33754d078830f33d142b,chuva,vila nova de cerveira,Alto Minho: Term√≥metros v√£o subir 13 graus em dois dias (depois vem chuva e trovoada) - R√°dio Vale do Minho,https://news.google.com/rss/articles/CBMitwFBVV95cUxNdzB5ek10dGJqZTYwc2ZjdFpOMlZQRFFLcHNWcTQ0cmZQX0hsX2hWd3MwQ1dLQ3l5VWhMa3FzTEk3bHpXUTNNZHlYT0psY1RGdUNUVEljMmdpWXBRTjMzcTF0U2tZNk52eDlTdV9FY0ZXNnR1MzNFd2E2aVI2QUNqaWtNWVExODhBRnhnUlFKM1lja1k4S0Z4QUw3YWMzNmd1U2pwLTZrQ2RIVGdPZGFGcXdPR2hWVmM?oc=5,"Sat, 07 Jun 2025 10:18:14 GMT",2025-06-08
3180baf5c4dffb0a8854f0c97d270487,inunda√ß√£o,Guimar√£es,Viatura da VMER de Guimar√£es perdeu uma roda e ficou inoperacional - Guimar√£es Digital,https://news.google.com/rss/articles/CBMi0AFBVV95cUxOd2k3TDdLQWQ1R2wxeDhMUnlmTGxfQzdHTHJqMXF1TzNHN09PMWJtS0x4aFdSTThHenVVRkJwZkFtdlUxUXdxLW14cUlMZmd0aUpVR0tSSXM2U1VqaXBPeHgtQ2FWZmtfYm4zNTFmdkJQS0poRmJqMEJidmFtZ2pVSE1ZWm1sdkJUdmVkWWZXY2FqVXBVM0pJa3ZyVzhETUtjNjE3X3JjX1Q5U1c0X1doUExDSS0yUi1vbHluOGZQLUN4U3NKZ1VfNFcyZlIyNl9M?oc=5,"Sun, 08 Jun 2025 14:47:08 GMT",2025-06-08
ca9622e2fa490d722c1675c705c33122,inunda√ß√£o,Guimar√£es,Conhe√ßa o cartaz final do Rock no Rio Febras 2025 com bandas a s√©rio - Guimar√£es Digital,https://news.google.com/rss/articles/CBMi0wFBVV95cUxOVmllMVpVRVZHRktQZXRvSXBxaWplX0J4SWFkQjdvSUltTm1HRlduN3plWTgtc2FXdGh1OWxqaWZqSWJ2a0xKQlJyLWh1MWtRbldKcDFWUlFfd3owN3RTMWUyZ2R6bXNYdk1IWVIza1ZFdERmZEN3MnljbUtUdEJvdWFWS245blc1NTdFM0F0Uy1LSDF0Z2gtQlNFMUdwR3NWZFFNT2dGRm9JQlc2S1pVb2ozenpRWTVmVTFWSlBOX0lBbERoNnVNQks4cnZ0OEdQdzRF?oc=5,"Sun, 08 Jun 2025 15:12:37 GMT",2025-06-08
c8e827e8c7a7033505c973ae330538a8,chuva,Moimenta da Beira,Inc√™ndio em armaz√©m provoca morte de 19 animais em Moimenta da Beira - Renascen√ßa,https://news.google.com/rss/articles/CBMiugFBVV95cUxQY19tblVPSF9YX291SVJ4QU5kZHgtZ1M2Y0pGRldXOEJQUEZRWjAwVmpXLWhGRjE2MGRwTnQ2cU5UOFIzOXV6UmVSbnpiSnBZc213a2NPRzg5M1h1eWpPR2pNSmhXVnl5Sk5pUmZZYlhJc3RWRE5SSS1WaHY4dGJnUjdudkwxdmkzcTlZV1NfTDFSazhFMGZaLTktQnN4dFBhQXVoU2o3VmdZS2V2a0V2X2d6WXFXdHRYUEHSAboBQVVfeXFMUGNfbW5VT0hfWF9vdUlSeEFOZGR4LWdTNmNKRkZXVzhCUFBGUVowMFZqVy1oRkYxNjBkcE50NnFOVDhSMzl1elJlUm56YkpwWXNtd2tjT0c4OTNYdXlqT0dqTUpoV1Z5eUpOaVJmWWJYSXN0VkROUkktVmh2OHRiZ1I3bnZMMXZpM3E5WVdTX0wxUms4RTBmWi05LUJzeHRQYUF1aFNqN1ZnWUtldmtFdl9nellxV3R0WFBB?oc=5,"Sun, 08 Jun 2025 11:59:00 GMT",2025-06-08
ab97d3cd8e3e97f99757c6a70aa170d8,chuva,Amarante,Previs√£o do tempo aponta dia ensolarado hoje (07) para S√£o Gon√ßalo do Amarante (CE) - UOL Not√≠cias,https://news.google.com/rss/articles/CBMivwFBVV95cUxNX2pqZkQxbzJBNS16U1lHVVRKSkNGaFV1MEhaa185eGRJbEJrbWJzUXhwQmhvMFd1WW1WRDlUQ1dqTmFCYk9ldW1DVkhjWTh1MHIySkZuZEJkRjB4RGJiVmRzR0FESXhLS1J2MTY0bmJwSzhkeW1sa2dwQWRIMktrTEljZHhnclZ1MHB5VHRZbUE2SmQ1X1N5a3RqZHRrMFdmWHV5RDZJQTVBallvZzRkNVZXN2Fnd3FvNUc5bEg1QQ?oc=5,"Sat, 07 Jun 2025 05:32:36 GMT",2025-06-08
cf0103697573ef926546d13815f184c6,chuva,Amarante,S√£o Gon√ßalo do Amarante (CE) ter√° dia ensolarado hoje (08); veja previs√£o do tempo - UOL Not√≠cias,https://news.google.com/rss/articles/CBMipwFBVV95cUxNbDkzWHhMd2VuVmM3NXQ1S3AxMTNFWDVLYk1OMWRXaUN4VTAwMEJRWURYNGxWY1pPVXkxbzMzbmx4R0txbDZ6RnVGWlJab1ZFZHlYckhLaThGdm96eXY2cmhmb0l6cndTbThNaXhsbWMtNVNmM2QxN0lta1RuWl81STVDRnVhMHg3RkYzbjdkUEQ1bDcwOExaX0JUamJFaUw3TURxSEVvbw?oc=5,"Sun, 08 Jun 2025 05:37:58 GMT",2025-06-08
094c667e53562dc789a152a6f2410ea0,inunda√ß√£o,Aveiro,Forma√ß√£o em ‚ÄúT√©cnicas de Resgate em √Åguas Bravas e Inunda√ß√µes‚Äù - Di√°rio de Aveiro,https://news.google.com/rss/articles/CBMiogFBVV95cUxNRWpUTHA4WHZKYzZTV0FiU25ZNWZCSTdqSk40U0xuci1kVjZ1U290TDU0TmFVTUtPeDBUVVpGZnBrVlpaZFIySUNUamFkVWN3NXltbFNZbWIzWXNOMmZCZ3FJQXMtNUxJOU1JRW8wMVR1dXlpLU9GOTdVcWRHWkN1OXZlWTFPTGE2RkU2LWdOaUFzY19KSDhRNnZUTy12X0JtcUE?oc=5,"Sun, 08 Jun 2025 10:45:00 GMT",2025-06-08
320ab6890c6e8ed753c4d2bbd0c3ebb3,chuva,Horta,Os novos hot√©is e turismos rurais de Portugal - nit.pt,https://news.google.com/rss/articles/CBMihgFBVV95cUxNQmNJM2l2MHNaTXBROTJoV3lqX1VmRUlRWEZLUjQwR0pjQmVVdzdqSnR1R2Etam81TDFOMTJCVERVT2xmcXB4N0xqc0doZ3A1ZWl3MEpfOXNRbXI0TlljWF93aDVzZVdaa3Z2SDJVUXl1bzVEaEQ3R2Y5QUtyaGM4c3hCV0ViZw?oc=5,"Sat, 07 Jun 2025 13:16:41 GMT",2025-06-08
d920f61ed31c7d08f8c56c67d6bac70a,inunda√ß√£o,S√£o Pedro do Sul,Prefeito de J√∫lio de Castilhos preside reuni√£o extraordin√°ria da AMCENTRO - Alcir 61 -,https://news.google.com/rss/articles/CBMimgFBVV95cUxOeWtrS1hlOFNKSnlqbkRNNUF1MmdJQTdnZWxQYm9xdHM0eXV5em13ZmlLVlp5ZTVtX0lNR3R1azRMZmRaWEpfZTJ4MXVKZTFlblhBcks3U0JvWV9uUmhVdDI2MDctVVNkY2l4ak9QY3hBRmsweHJSSzJlTm9KN1Ewd2tTNThoRFl5LUY0bFFocFhfc19kbUNaQThB?oc=5,"Sat, 07 Jun 2025 10:16:36 GMT",2025-06-08
24fe376e078716cbb74043c786fe17ee,tempestade,albergaria-a-velha,MARIA XVI - terranova.pt,https://news.google.com/rss/articles/CBMid0FVX3lxTFB6NHZhUTJLc00yczdObjlobVR3cGFMNG01Qk1uT0NNS3B3dVRjczdJRDdJdGh1ay1iTFFXelhRTXJCb1hOTEZkbjI5b2J3RTdURkFOLTNlb2ppSVpHLUxpVVdEVjJvSzNSU0w4N2l4RlVEVV8xdlk0?oc=5,"Sat, 07 Jun 2025 18:00:04 GMT",2025-06-08
9b1e63b07f30d9595fab47dff019f048,tempestade,albergaria-a-velha,Eles comem tudo: Direitos Humanos na Palestina - terranova.pt,https://news.google.com/rss/articles/CBMipAFBVV95cUxPenY0QnlScTJlbHFjcjk2YWhYSXdrSXhSc3paamdYZndTZE5xUWxaSy1Zekw0R25ReGs1UHR6MVQybEoyRzJfcUI1VWlCenpTRmFtUnFyaDU4dHVReldyVk8ydC1ENDBOb0NicHZsVGh0R0ZOQmg3UURXRE56M2hMeUt2MlBfeThRYnRPT1pHbmhWajd1WFlfMy1DZ3BYTUR0eXRIdA?oc=5,"Sat, 07 Jun 2025 23:27:54 GMT",2025-06-08
50815fbdc48f33754d078830f33d142b,chuva,vila nova de cerveira,Alto Minho: Term√≥metros v√£o subir 13 graus em dois dias (depois vem chuva e trovoada) - R√°dio Vale do Minho,https://news.google.com/rss/articles/CBMitwFBVV95cUxNdzB5ek10dGJqZTYwc2ZjdFpOMlZQRFFLcHNWcTQ0cmZQX0hsX2hWd3MwQ1dLQ3l5VWhMa3FzTEk3bHpXUTNNZHlYT0psY1RGdUNUVEljMmdpWXBRTjMzcTF0U2tZNk52eDlTdV9FY0ZXNnR1MzNFd2E2aVI2QUNqaWtNWVExODhBRnhnUlFKM1lja1k4S0Z4QUw3YWMzNmd1U2pwLTZrQ2RIVGdPZGFGcXdPR2hWVmM?oc=5,"Sat, 07 Jun 2025 10:18:14 GMT",2025-06-08
340557ba3469ee5901c0a2a971a7449f,chuva,proen√ßa-a-nova,Portugal termina prepara√ß√£o para a final com Ramos de volta e Proen√ßa a ver - Renascen√ßa,https://news.google.com/rss/articles/CBMi4AFBVV95cUxPa3czamZ3QnljWkxNeGZhQ3NfMy02a3ZXckFpZHFUWGhYQ05YVFRmcDdYc3pKRzJ1MlZvMXJsLUQ4ZGQ2V0dQTGtKRGJrbVZnWEtLaDZpckxZaXUxczJtYmF4N3oweXpUS1RWUmFzdWFXWTNHMFZuaFh1alI3eDlNZnhZdW52aXZwRzdYbU9sMklEdFY1WHMyVUEzUE9jNnNvby1kVEZJNjNjR05VNU5samF4b1l2cEMyaWtnQ2dPUTN6SU1iWXVtcW4wWk1Zcy1YX0ZSRGM5T3hFQXBWaVJTT9IB4AFBVV95cUxPa3czamZ3QnljWkxNeGZhQ3NfMy02a3ZXckFpZHFUWGhYQ05YVFRmcDdYc3pKRzJ1MlZvMXJsLUQ4ZGQ2V0dQTGtKRGJrbVZnWEtLaDZpckxZaXUxczJtYmF4N3oweXpUS1RWUmFzdWFXWTNHMFZuaFh1alI3eDlNZnhZdW52aXZwRzdYbU9sMklEdFY1WHMyVUEzUE9jNnNvby1kVEZJNjNjR05VNU5samF4b1l2cEMyaWtnQ2dPUTN6SU1iWXVtcW4wWk1Zcy1YX0ZSRGM5T3hFQXBWaVJTTw?oc=5,"Sat, 07 Jun 2025 15:55:00 GMT",2025-06-08
534a114bfc7077a2d68a7b0197b83d9c,chuva,T√°bua,Veja como fica o tempo e a t√°bua de m√°res neste fim de semana em Natal - Natal Em Foco,https://news.google.com/rss/articles/CBMiqgFBVV95cUxPeFpnQ2xOd0JUMC1fNEhOeExkM3FGeC1tQTVQc2ExOWp1T2VVZURFdXYtQ2tZU19TVXJhaUJqdWsxaFVPU2l3aFBHZ0ZwVzNYdGFpakp1QVE3ZFo5VVk1WHZEOEpoOXh4ZW1ycVRiNHV4WGUtZDZ1U3FNVXNLb3QxYThISWdTY3pxRDZwak9meFQyczlGU0JhQTRmR3dIejZhdGFCQ0plcDl2dw?oc=5,"Sat, 07 Jun 2025 10:07:06 GMT",2025-06-08
b7f7f1120cccab602d3c9151fe20069e,chuva,Ferreira do Z√™zere,Um fim de semana entre o Z√™zere e o Tejo - S√ÅBADO,https://news.google.com/rss/articles/CBMiigFBVV95cUxONm96UEx2WVhDeFpJNEpMY1l3TUdfUlVpeGJYdm5QWjRqRFBrWHZMVDkxaDA0LVE1SUVFNk94cmtEX0JabjlWRmpzSDhmMkJfWGRjLVNTdXZBaEJxYlhnUUFoeEtMNTc2eVYxVXFuODlxd2VwdWhzZFZ1eDh1N0tMbXJUS2t3LUdqMFE?oc=5,"Sun, 08 Jun 2025 16:06:16 GMT",2025-06-08
cae14aac98a4918add67a273dad0df23,chuva,Porto,"""Vamos sempre fazer chover dinheiro"": An√≠bal Pinto apresentou candidatura √† C√¢mara do Porto com chuva de notas - Expresso",https://news.google.com/rss/articles/CBMijwJBVV95cUxPcFlfNDhTMkE3NzY2cXZpNWEyc2taZVRuTnBESlRXVWk0UUxpaENhTzI3bENXSUNNODBOTmhZNmFZZWpTekV6eW03YWo0NzJnZ1pkSzRGUmVUZWlHNDBfNHB3Mm4zd2hVem50bUZyMGFZd0pGZXZlYkpoVVBfZkJZLTRzTUthVndYcXFLTEpfMVlZQ2pWZjhCZkhaUXRfUUJlVzRzVFJ0ZVdlSllIamludVZuRDZYQXA1OGRDUm0zci1BMkVRZElkV2RtenFaZ3RLMlRiUEU2cUtZQ3NqdzNrMDBpYll0dGRONTVDejVBcWVxMi1NbWg0NFF4XzBqRDJXYmozTlB5R0c0MFZGeXlB0gGUAkFVX3lxTE5pdkJDNFpNdjl2WExvZWlNWFJsMWVfeE8xeklic1RGdkkyVDB2ZTVBdktmOTdoREZnTGdEU0VpbFdZSjFqN0ZzS0haYmgxX3BFanFPMEYxTmUtYTktWmJwNXFCcUtfQXh0TnE2OEl0N2wtSTU1czB4MVZ5WU9kVTdOcndoZFNiN0lIa3NKODVFR0xQbEktMHhWN21OUTZzOWZHZGxlcVNhUXpvVjBNTF9TbEdKVmhLc0ZaaDRrMm9lSHpPQVg4WHNPeGRYSEhTS2pRNXplTWpKb1pMYjBpazVxcFRPeEJ5eDNVd3k2Zk5WZmtiWUVuT0RGZDhjNkRfV3NRVTlMNGtwUGEzNm9lcjJhczhIWA?oc=5,"Sat, 07 Jun 2025 20:24:37 GMT",2025-06-08
